Tipo;Título;Órgano;Tipo;Estado;Adjudicatario;Importe (€);Enlace
Contratos menores;Mejora de las pistas polideportivas de Vilamarxant;Alcaldía del Ayuntamiento de Vilamarxant;obras;Resuelta;Global Grass SL;39996,18;https://contrataciondelestado.es/wps/poc?uri=deeplink:detalle_licitacion&idEvl=oY%2B4FNf3S1nyoM4us5k4vw%3D%3D
Contratos menores;Instalación vallado pistas polideportivas;Alcaldía del Ayuntamiento de Picassent;obras;Resuelta;CONSTRUCCIONES GENERALES RUIZ, S.L.U.;36016,69;https://contrataciondelestado.es/wps/poc?uri=deeplink:detalle_licitacion&idEvl=1D4o6Akp4Ur5Rey58Yagpg%3D%3D
Contratos menores;reses para festejo taurinos día 20 de septiembre Fiestas Patronales 2026.;Alcaldía del Ayuntamiento de San Agustín del Guadalix;servicios;Resuelta;CASA TENORIO, S.L.U.;14999;https://contrataciondelestado.es/wps/poc?uri=deeplink:detalle_licitacion&idEvl=UcaDBixAPD1PpzdqOdhuWg%3D%3D
Contratos menores;reses para festejo taurinos días 19 de septiembre Fiestas Patronales 2026.;Alcaldía del Ayuntamiento de San Agustín del Guadalix;servicios;Resuelta;JESÚS GONZÁLEZ HERNÁNDEZ;14999;https://contrataciondelestado.es/wps/poc?uri=deeplink:detalle_licitacion&idEvl=ml4%2FwMszErHyoM4us5k4vw%3D%3D
Contratos menores;Suscripción IA aplicada a contratación;Alcaldía del Ayuntamiento de Manises;servicios;Resuelta;TELEFONICA SOLUCIONES INFORMATICA Y COMUNICACIONES ESPAÑA SA;14990;https://contrataciondelestado.es/wps/poc?uri=deeplink:detalle_licitacion&idEvl=gVjHd1qrqQsaF6cS8TCh%2FA%3D%3D
Contratos menores;Contratación de la cantante Gisela y la producción;Alcaldia del Ayuntamiento de Arroyo de la Encomienda;privado;Resuelta;MANDALA PRODUCCIONES ARTISTICAS SL;14900;https://contrataciondelestado.es/wps/poc?uri=deeplink:detalle_licitacion&idEvl=SY%2FTNRBEedXI8aL3PRS10Q%3D%3D
Contratos menores;Servicio de reparación del Pabellón anejo al Colegio Sant Ignasi.;Alcaldía del Ayuntamiento de Picassent;servicios;Resuelta;CONSTRUCCIONES GENERALES RUIZ SLU;14890;https://contrataciondelestado.es/wps/poc?uri=deeplink:detalle_licitacion&idEvl=xjCb2%2ByyZZu8ebB%2FXTwy0A%3D%3D
Contratos menores;"Contrato menor de servicios de asesoramiento jurídico especializado para el análisis, preparación y redacción de la documentación necesaria para la RESOLUCIÓN del Programa de Actuación Integrada del PAI ""Paquillo""";Alcaldía del Ayuntamiento de Mislata;servicios;Resuelta;ESTUDIO DE TERRITORIO, ARQUITECTURA Y MEDIOAMBIENTE SOCIEDAD LIMITADA PROFESIONAL;14834,71;https://contrataciondelestado.es/wps/poc?uri=deeplink:detalle_licitacion&idEvl=MZO97xFAqNJq1DdmE7eaXg%3D%3D
Contratos menores;Sistema de purificación de agua. I+D+i / Sistema de purificació d aigua. I+D+i;Dirección del Instituto Valenciano de Investigaciones Agrarias (IVIA);suministros;Resuelta;NAVARRA DE TRATAMIENTO DEL AGUA SL;14749;https://contrataciondelestado.es/wps/poc?uri=deeplink:detalle_licitacion&idEvl=QBlAcDkVPATLIx6q1oPaMg%3D%3D
Contratos menores;Pasacalles y feria del terror NIT D´ANIMES 2026;Alcaldía del Ayuntamiento de Quart de Poblet;servicios;Resuelta;GRUPO A RIURE SLU;14650;https://contrataciondelestado.es/wps/poc?uri=deeplink:detalle_licitacion&idEvl=vrqZqhEEDaSdkQsA7ROvsg%3D%3D
Contratos menores;Contrato menor-adjudicación Actuaciones Fiestas Montecarlo;Alcaldía del Ayuntamiento de Vinalesa;servicios;Resuelta;MONTECARLO REPRESENTACIONES S.L;14000;https://contrataciondelestado.es/wps/poc?uri=deeplink:detalle_licitacion&idEvl=3IkNKConG6I%2FbjW6njtWLw%3D%3D
Contratos menores;Suministro de módulos de memoria RAM destinados a la ampliación de la capacidad operativa de los servidores (modelos Lenovo ThinkSystem) que integran la infraestructura de virtualización del Centro de Proceso de Datos (CPD);Alcaldia del Ayuntamiento de Arroyo de la Encomienda;suministros;Resuelta;HARDTRONIC SL;13704;https://contrataciondelestado.es/wps/poc?uri=deeplink:detalle_licitacion&idEvl=99lR22DAQP1J8Trn0ZPzLw%3D%3D
Contratos menores;CONT-2026-Contrato puente menor servicios Rogles de Babel curs 2026-2027.;Junta de Gobierno del Ayuntamiento de Paiporta;servicios;Resuelta;AUCA PROJECTES EDUCATIUS SL;13600;https://contrataciondelestado.es/wps/poc?uri=deeplink:detalle_licitacion&idEvl=%2F7TI%2FD%2BW130tm4eBPtV6eQ%3D%3D
Contratos menores;Reparación reja tramo central de la E.P.A;Alcaldía del Ayuntamiento de Picassent;servicios;Resuelta;JORGE GARRIDO MARTIN;12395,9;https://contrataciondelestado.es/wps/poc?uri=deeplink:detalle_licitacion&idEvl=8J66kZWoDD%2BExvMJXBMHHQ%3D%3D
Contratos menores;Contrato menor de suministro de material de ferretería para un periodo de 4 meses;Alcaldía del Ayuntamiento de Cullera;suministros;Resuelta;SUMIVAL 2008 SOCIEDAD LIMITADA;12395,87;https://contrataciondelestado.es/wps/poc?uri=deeplink:detalle_licitacion&idEvl=Om3L7U2gyd2Izo3LHNPGcQ%3D%3D
Contratos menores;CM Servicio Organización y coordinación integral Feria Asociacionismo Manises 2026;Alcaldía del Ayuntamiento de Manises;servicios;Resuelta;ESPECTACULOS Y PRODUCCIONES ARTISTICAS MAS SOCIEDAD LIMITADA;12000;https://contrataciondelestado.es/wps/poc?uri=deeplink:detalle_licitacion&idEvl=1cpO5fCoxyd%2FP7lJ7Fu0SA%3D%3D
Contratos menores;Contracte Menor Obres: Reasfaltado Calle Lluis Vives. PI 22/23 2564;Alcaldía del Ayuntamiento de Vallada;obras;Resuelta;GUEROLA ARIDOS Y HORMIGONES SL;11550,71;https://contrataciondelestado.es/wps/poc?uri=deeplink:detalle_licitacion&idEvl=O9Fleu9wlZkXhk1FZxEyvw%3D%3D
Contratos menores;Contrato menor-adjudicación Calderas Fiestas Patronales;Alcaldía del Ayuntamiento de Vinalesa;servicios;Resuelta;FALLA DELS XIQUETS;11454,55;https://contrataciondelestado.es/wps/poc?uri=deeplink:detalle_licitacion&idEvl=m7DrCuJui%2FOzz8fXU2i3eQ%3D%3D
Contratos menores;Contrato menor privado de servicios artísticos y de espectáculos. Remember Fest 2026;Alcaldía del Ayuntamiento de Sempere;servicios;Resuelta;AUDIOVISUALS LA FIESTA SOCIEDAD LIMITADA;11005,95;https://contrataciondelestado.es/wps/poc?uri=deeplink:detalle_licitacion&idEvl=40e7O5RA7G43vLk2DU2Ddg%3D%3D
Contratos menores;Contrato menor. Compra de herramientas y complementos forestales para trabajos de prevención de incendios forestales. GFS 2024;Alcaldía del Ayuntamiento de Losa del Obispo;suministros;Resuelta;FERRETERIA JESUS ROMERO SL;10047,28;https://contrataciondelestado.es/wps/poc?uri=deeplink:detalle_licitacion&idEvl=YpVqtti5pSTpxJFXpLZ%2B2A%3D%3D
Contratos menores;Servicios de redacción de anteproyecto técnico para mejora del sistema de climatización de la residencia albergue juvenil LA FLORIDA en Alicante / Servicis de redacció d avantprojecte tècnic per a millora del sistema de climatització de la residència albergue juvenil LA FLORIDA a Alacant;Dirección General del Institut Valencià de la Joventut;servicios;Resuelta;MARTINEZ SERRANO ALBERTO JOSE;8930;https://contrataciondelestado.es/wps/poc?uri=deeplink:detalle_licitacion&idEvl=5UgorIeEJbM%2B1TMyIiZmzw%3D%3D
Contratos menores;CM servicio de actuación Manu Rodríguez y Noelia Zanón con motivo de las fiestas del Barrio San Miguel 2026;Alcaldía del Ajuntament de Moncada;servicios;Resuelta;PRODUCCIONES ARTISTICAS ORANGE SL;8680;https://contrataciondelestado.es/wps/poc?uri=deeplink:detalle_licitacion&idEvl=DgRERUm9jyvVGIpKDxgsAQ%3D%3D
Contratos menores;CM - Póliza de Seguro de Resonsabilidad Civil;Alcaldía del Ayuntamiento de Manises;privado;Resuelta;W.R BERKLEY EUROPE AG SUCURSAL EN ESPANA;8652;https://contrataciondelestado.es/wps/poc?uri=deeplink:detalle_licitacion&idEvl=YIjekC%2FjZcwl5NjlNci%2BtA%3D%3D
Contratos menores;Contrato menor de suministro «Escultura “Cor de Mans” homenaje a las víctimas de la dana»;Junta de Gobierno del Ayuntamiento de Silla;suministros;Resuelta;El Talleret d'Alcàsser, SL;8350;https://contrataciondelestado.es/wps/poc?uri=deeplink:detalle_licitacion&idEvl=qQoDqIIFGZLkY6rls5tG9A%3D%3D
Contratos menores;Contrato Menor de Servicios «Monitora Macramé, EPA, curso 2026-2027»;Junta de Gobierno del Ayuntamiento de Silla;servicios;Resuelta;AMAZONIANS ASOCIACIÓN CULTURAL;8050;https://contrataciondelestado.es/wps/poc?uri=deeplink:detalle_licitacion&idEvl=cFPYAbYtpa44NavIWzMcHA%3D%3D
Contratos menores;Contrato menor obras Reparación Camino Loma Reguero. GFS 2024;Alcaldía del Ayuntamiento de Losa del Obispo;obras;Resuelta;JOSE ALEJANDRO CERVERA BELENGUER;7836,88;https://contrataciondelestado.es/wps/poc?uri=deeplink:detalle_licitacion&idEvl=UMzoxbPZhOj10HRJw8TEnQ%3D%3D
Contratos menores;Contratación del servicio de catering para la inagurcion del curso escolar senior;Alcaldía del Ayuntamiento de Mislata;servicios;Resuelta;APERITIVOS Y COMIDAS HERMANOS MORENO SL;7545,45;https://contrataciondelestado.es/wps/poc?uri=deeplink:detalle_licitacion&idEvl=7ADEly%2FUfptQFSeKCRun4Q%3D%3D
Contratos menores;Necesidad del centro directivo de cubrir un servicio de traslado para la practica de notificaciones y diligencias judiciales entrelos organos judiciales de la isla de Gran Canaria en el ejercicio 2024;Dirección General de Relaciones con la Administración de Justicia;servicios;Resuelta;AUTOBUSES LA PALMITA SL;7219,62;https://contrataciondelestado.es/wps/poc?uri=deeplink:detalle_licitacion&idEvl=tjQtX0xHlTYkJPJS%2BPS9vg%3D%3D
Contratos menores;CM Servicio mantenimiento invernal vaso grande de la Piscina de Verano;Alcaldía del Ayuntamiento de Manises;servicios;Resuelta;EMPRESA VALENCIANA ACTIVIDADES SL;7166,08;https://contrataciondelestado.es/wps/poc?uri=deeplink:detalle_licitacion&idEvl=tFlRY3k7TPsXhk1FZxEyvw%3D%3D
Contratos menores;Contrato menor privado «Espectáculo musical “Orquesta Scream” y “DJ Jairo Ginestar” para el 9 de octubre»;Junta de Gobierno del Ayuntamiento de Silla;privado;Resuelta;MONTECARLO REPRESENTACIONES SL;7100;https://contrataciondelestado.es/wps/poc?uri=deeplink:detalle_licitacion&idEvl=i9FkSgbtTdZ9PLkba5eRog%3D%3D
Contratos menores;Contrato menor-adjudicación-Actuaciones discomóvil infantil, dúo musical y alquiler sillas y mesas;Alcaldía del Ayuntamiento de Vinalesa;servicios;Resuelta;GLITTER MANAGEMENT S.L;7000;https://contrataciondelestado.es/wps/poc?uri=deeplink:detalle_licitacion&idEvl=qb%2FBl%2FiKqc5J8Trn0ZPzLw%3D%3D
Contratos menores;CM Redacció Projecte Europeu Subv Diputacio 2026 (Exp relacionat: 2954087Z);Concejalía Delegada de Contratación del Ajuntament de Tavernes de la Valldigna;servicios;Resuelta;SEQUOIA GESTION AMBIENTAL SOCIEDAD;6198,35;https://contrataciondelestado.es/wps/poc?uri=deeplink:detalle_licitacion&idEvl=d2rVPhgWSQm2gkLQ8TeYKA%3D%3D
Contratos menores;Servicio de reparación de ventanales del gimnasio Polideportivo municipal.;Alcaldía del Ayuntamiento de Picassent;servicios;Resuelta;CONSTRUCCIONES GENERALES RUIZ, S.L.U.;6193,71;https://contrataciondelestado.es/wps/poc?uri=deeplink:detalle_licitacion&idEvl=cgNxeqMoO9tPpzdqOdhuWg%3D%3D
Contratos menores;Contratación suministro de Tótem digital interactivo de información ciudadana PI 2022;Presidencia de la Mancomunidad La Serranía;suministros;Resuelta;iUrban Digital Tourism S.L.;6187,07;https://contrataciondelestado.es/wps/poc?uri=deeplink:detalle_licitacion&idEvl=1D4o6Akp4Urua%2Fi14w%2FPLA%3D%3D
Contratos menores;Contracte Menor Obra: Reparació de la vía publica mitjançant reasfaltat del carrer Pintor Segrelles de Vallada.;Alcaldía del Ayuntamiento de Vallada;obras;Resuelta;GUEROLA ARIDOS Y HORMIGONES SL;6148,82;https://contrataciondelestado.es/wps/poc?uri=deeplink:detalle_licitacion&idEvl=A%2BOAufhbxOVWhbmkna2nXQ%3D%3D
Contratos menores;Obra de adecuación de la sala de información a familiares en los qx infantiles del Hospital General Universitario Dr. Balmis / Obra d'adequació de la sala d'informació a familiars en els qx infantils de l'Hospital General Universitari Dr. Balmis;Departamento de Salud Alicante. Dirección Económica-Gerencia;obras;Resuelta;CONSTRUTEC S.COOP.V.LTDA;5787,7;https://contrataciondelestado.es/wps/poc?uri=deeplink:detalle_licitacion&idEvl=MkVQD3wK1%2FQ%2FbjW6njtWLw%3D%3D
Contratos menores;"Alquiler de pantalla led, montaje y técnico para la representación del espectáculo ""Hamlet"" en el Teatro Romano de Sagunto para el Festival Sagunt a Escena 2026, dentro del Plan Endavant / Lloguer de pantalla led, muntatge i tècnic per a la representació de l'espectacle ""Hamlet"" en el Teatre Romà de Sagunt per al Festival Sagunt a Escena 2026, dins del Pla Endavant";Institut Valencià de Cultura;suministros;Resuelta;EVENTOS LA CAJA MUSICAL, S.L.;5780;https://contrataciondelestado.es/wps/poc?uri=deeplink:detalle_licitacion&idEvl=LTOhW7CbHAB6nTs9LZ9RhQ%3D%3D
Contratos menores;Contratación suministro pantallas PI2022;Presidencia de la Mancomunidad La Serranía;suministros;Resuelta;Estela Banacloche Cañigueral;5683,94;https://contrataciondelestado.es/wps/poc?uri=deeplink:detalle_licitacion&idEvl=2Nb7c86rpUTua%2Fi14w%2FPLA%3D%3D
Contratos menores;Contractació menor del subministrament dels elements d'infraestructura, so i il·luminació necessaris per al concurs de playbacks de la Junta Local Fallera 2026;Alcaldía del Ayuntamiento de Paiporta;suministros;Resuelta;ESPECTACULOS SERGIO SEVILLA SOCIEDAD LIMITADA;5600;https://contrataciondelestado.es/wps/poc?uri=deeplink:detalle_licitacion&idEvl=oEVsMIvCaQXkY6rls5tG9A%3D%3D
Contratos menores;Contrato menor-adjudicación Redacción Proyecto Rehabilitación del firme Calle Arnau de Vilanova y Marques de Sotelo;Alcaldía del Ayuntamiento de Vinalesa;servicios;Resuelta;MERINO Y TERRASA SLP;5550,12;https://contrataciondelestado.es/wps/poc?uri=deeplink:detalle_licitacion&idEvl=cyf0cgSmZ3BJ8Trn0ZPzLw%3D%3D
Contratos menores;Contrato menor de SUMINISTRO_ Alquiler de seis inodoros portátiles para su instalación en el campo de fútbol el Terrer durante la temporada 2026-2027 - OFI;Alcaldía del Ayuntamiento de Paiporta;suministros;Resuelta;VERDEJO SOLUCIONES S.L.;5400;https://contrataciondelestado.es/wps/poc?uri=deeplink:detalle_licitacion&idEvl=xdcII1wr3CacCF8sV%2BqtYA%3D%3D
Contratos menores;Contrato menor de servicios actualización y mantenimiento de entorno AFIC 2026.;Alcaldía del Ayuntamiento de Sagunto;servicios;Resuelta;SERNUTEC SERVICIOS Y NUEVAS TECNOLOGIAS S.L.;5225;https://contrataciondelestado.es/wps/poc?uri=deeplink:detalle_licitacion&idEvl=NWR89qVWybIUqXM96WStVA%3D%3D
Contratos menores;CM Servicio iniciación al patinaje sobre hielo diciembre 2026;Alcaldía del Ayuntamiento de Manises;servicios;Resuelta;GRUPO PEQUEÑIN 2000 SOCIEDAD LIMITADA;5000;https://contrataciondelestado.es/wps/poc?uri=deeplink:detalle_licitacion&idEvl=UXGjlrVMB5yFQ%2FlhRK79lA%3D%3D
Contratos menores;Contracte Menor Servicis: Elaboració del Pla de Sostenibilitat del CEIP Ramón Martí Soriano Vallada.Subvenció per al foment de la participació ciutadana, la transparència i el bon govern en l'àmbit local, 2026. Modalitat 1. Participació ciutadana. Diputació de Valencia;Alcaldía del Ayuntamiento de Vallada;servicios;Resuelta;AUSAES COOP.V;4958,68;https://contrataciondelestado.es/wps/poc?uri=deeplink:detalle_licitacion&idEvl=Htn5ZZpkzl2cTfjQf3USOg%3D%3D
Contratos menores;Conmenurb LCSP 2026-63. Elaboració mitjantçant procés participatiu del Pla d'Acreditació Erasmus+;Alcaldía del Ayuntamiento de Meliana;servicios;Resuelta;SEQUOIA GESTION AMBIENTAL SOCIEDAD LIMITADA;4958,68;https://contrataciondelestado.es/wps/poc?uri=deeplink:detalle_licitacion&idEvl=mbRCANfcLUZJ8Trn0ZPzLw%3D%3D
Contratos menores;Suministro de material sanitario diverso para instalar en el Pabellón Sant Ignasi.;Alcaldía del Ayuntamiento de Picassent;suministros;Resuelta;CONSTRUCCIONES GENERALES RUIZ SLU;4900;https://contrataciondelestado.es/wps/poc?uri=deeplink:detalle_licitacion&idEvl=x8zlm%2BabVLL%2B3JAijKO%2Bkg%3D%3D
Contratos menores;"Contracte actuació ""ja ve l´aire""(16-10-26)TARDOR";Alcaldía del Ayuntamiento de Sagunto;servicios;Resuelta;EL MICO ENTERTAINMENT SOCIEDAD LIMITADA;4716,53;https://contrataciondelestado.es/wps/poc?uri=deeplink:detalle_licitacion&idEvl=5ou4ycuNRPaOUi78BmzhOQ%3D%3D
Contratos menores;Servicio de Monitor deportivo para actividades dirigidas del Polideportivo Municipal;Alcaldía del Ayuntamiento de Picassent;servicios;Resuelta;FITNESS PROJET CENTER, S.L.;4619,95;https://contrataciondelestado.es/wps/poc?uri=deeplink:detalle_licitacion&idEvl=bZFrnl9D6JrECtSnloz%2BZQ%3D%3D
Contratos menores;Contrato menor privado «Concierto Dani Miquel»;Junta de Gobierno del Ayuntamiento de Silla;privado;Resuelta;Dani Miquel SLU;4462,81;https://contrataciondelestado.es/wps/poc?uri=deeplink:detalle_licitacion&idEvl=SdHAhTpxXqjzAq95uGTrDQ%3D%3D
Contratos menores;FM26 Catering hospitalitat concerts gran format festes majors;Alcaldía del Ayuntamiento de Catarroja;servicios;Resuelta;STREET CATERING, S.L.;4461,82;https://contrataciondelestado.es/wps/poc?uri=deeplink:detalle_licitacion&idEvl=spzBAChRf5%2Bzz8fXU2i3eQ%3D%3D
Contratos menores;"Contrato Menor suministro útiles/ herramientas 2&#170; CP albañilería FOTAV/2025/33/46 Paiporta en accio";Alcaldía del Ayuntamiento de Paiporta;suministros;Resuelta;FERRETERIA LA PEATONAL SOCIEDAD LIMITADA;4330,08;https://contrataciondelestado.es/wps/poc?uri=deeplink:detalle_licitacion&idEvl=oexYJs1mbB1rhBlEHQFSKA%3D%3D
Contratos menores;"CM 18.1/2026 Obra mejora y mantenimiento Losa ""Cami el Romeral"" (Subv diputación GPIPIF 2025)";Alcaldía del Ayuntamiento de Rugat;obras;Resuelta;Multiriego SL;4035,86;https://contrataciondelestado.es/wps/poc?uri=deeplink:detalle_licitacion&idEvl=cL27Boa4e0c4NavIWzMcHA%3D%3D
Contratos menores;Suministro bombas hidráulicas;Alcaldía del Ayuntamiento de Picassent;suministros;Resuelta;MSV Maquinaria y Servicios, Coop. V;3686,7;https://contrataciondelestado.es/wps/poc?uri=deeplink:detalle_licitacion&idEvl=Xp2EMEMSvF3yoM4us5k4vw%3D%3D
Contratos menores;Adjudicando contrato menor de servicios de Celebración actos día 12 de octubre.;Alcaldia del Ayuntamiento de Arroyo de la Encomienda;servicios;Resuelta;Eventos Lux, S.L.;3600;https://contrataciondelestado.es/wps/poc?uri=deeplink:detalle_licitacion&idEvl=g2smjFfqrDZWhbmkna2nXQ%3D%3D
Contratos menores;"ConMen 15 Projecte ""La Cuina"" 26/27";Alcaldía del Ayuntamiento de Meliana;servicios;Resuelta;Rafael Sánchez Rodríguez;3600;https://contrataciondelestado.es/wps/poc?uri=deeplink:detalle_licitacion&idEvl=MFiOm24Re%2BtVq4S9zvaQpQ%3D%3D
Contratos menores;Contrato menor espectáculos Barrio Biensa;Alcaldía del Ayuntamiento de Sagunto;servicios;Resuelta;PRODUCCIONES TROTAMUNDOS SOCIEDAD LIMITADA;3500;https://contrataciondelestado.es/wps/poc?uri=deeplink:detalle_licitacion&idEvl=2jLd0x9QUoPLIx6q1oPaMg%3D%3D
Contratos menores;CM servicio de discomovil con motivo de la celebración de las Fiestas del Barrio San Miguel 2026;Alcaldía del Ajuntament de Moncada;servicios;Resuelta;PRODUCCIONES ARTISTICAS ORANGE SL;3500;https://contrataciondelestado.es/wps/poc?uri=deeplink:detalle_licitacion&idEvl=TB8dthSP9vrmnwcj%2BxbdTg%3D%3D
Contratos menores;Contrato menor de servicio de reparación urgente del sistema de riego del Campo de Fútbol. (Redondo Ingeniería e Instalaciones SLU);Alcaldía del Ayuntamiento de Quart de Poblet;servicios;Resuelta;Redondo Ingeniería e Instalaciones SLU;3322,2;https://contrataciondelestado.es/wps/poc?uri=deeplink:detalle_licitacion&idEvl=kNkNKytpQF5%2FR5QFTlaM4A%3D%3D
Contratos menores;Contrato menor para disponer de los carros de caballos para l’Entrà de la Murta, para la Cabalgata y para la Procesión de las fiestas 2026.;Alcaldía del Ayuntamiento de Sedaví;servicios;Resuelta;COCHES LANDOS VALENCIA SOCIEDAD LIMITADA;3240;https://contrataciondelestado.es/wps/poc?uri=deeplink:detalle_licitacion&idEvl=6duF3ekWTa4adbH3CysQuQ%3D%3D
Contratos menores;Contrato menor de suministro camas y colchonetas residencia municipal;Alcaldía del Ayuntamiento de Cullera;suministros;Resuelta;BENCLINIC SOCIEDAD LIMITADA;3154,86;https://contrataciondelestado.es/wps/poc?uri=deeplink:detalle_licitacion&idEvl=jMadNAAEjlfCfVQHDepjGQ%3D%3D
Contratos menores;"Contrato del servicio de dinamización de talleres de igualdad para 2&#186; y 3er ciclo de primaria, DIVAL";Alcaldía del Ayuntamiento de Mislata;servicios;Resuelta;CULTURAMA SOCIEDAD LIMITADA;3107,27;https://contrataciondelestado.es/wps/poc?uri=deeplink:detalle_licitacion&idEvl=mz8wiIE5qUHIGlsa0Wad%2Bw%3D%3D
Contratos menores;Puerta corredera ERREKA en Ausias March, 2 - Av. Port;Alcaldía del Ayuntamiento de Cullera;obras;Resuelta;CONSTRUCCIONES Y ESTRUCTURAS AIMAR SOCIEDAD LIMITADA;2990;https://contrataciondelestado.es/wps/poc?uri=deeplink:detalle_licitacion&idEvl=JgoDOlggOpZ%2BF6L2uCfUWg%3D%3D
Contratos menores;Compra taquillas Policia Local;Alcaldía del Ayuntamiento de Vilamarxant;suministros;Resuelta;LISTO Y TAQUILLAS, SL;2983;https://contrataciondelestado.es/wps/poc?uri=deeplink:detalle_licitacion&idEvl=qb%2FBl%2FiKqc7IGlsa0Wad%2Bw%3D%3D
Contratos menores;Ofertas económicas ejecuc.48 nichos y ampliac.parte nueva cementerio mpal.y plan mejora y acondicionamiento firmes 2026 C/Rei En Jaume, avda.País Valencià y C/Creu Roja;Alcaldía del Ayuntamiento de Cullera;servicios;Resuelta;JOSE FRANCISCO CABEDO VIDAL;2980;https://contrataciondelestado.es/wps/poc?uri=deeplink:detalle_licitacion&idEvl=v1ywbfP%2FqdjI8aL3PRS10Q%3D%3D
Contratos menores;Proposta de despeses adquisició flors actes protocolaris;Alcaldía del Ayuntamiento de Cullera;suministros;Resuelta;CAROLINA MARTINEZ COLOMINA;2968,41;https://contrataciondelestado.es/wps/poc?uri=deeplink:detalle_licitacion&idEvl=fPSsd4mKmq9QFSeKCRun4Q%3D%3D
Contratos menores;Reparación instalación fotovoltaica edificio servicios sociales.;Alcaldía del Ayuntamiento de Picassent;suministros;Resuelta;ROMUR RENOVABLES, S.L.;2920;https://contrataciondelestado.es/wps/poc?uri=deeplink:detalle_licitacion&idEvl=Yh%2FPGU7QIMg3vLk2DU2Ddg%3D%3D
Contratos menores;Contrato menor servicio traslado, montaje, devolución y desmontaje de la Exposición Trames d'identitat realizada en el CSLF;Alcaldía del Ayuntamiento de Mislata;servicios;Resuelta;VICENT RAMON CARDA ISACH;2912;https://contrataciondelestado.es/wps/poc?uri=deeplink:detalle_licitacion&idEvl=78tPPhhDr%2F1QFSeKCRun4Q%3D%3D
Contratos menores;CM servicio de actividades infantiles con motivo de la celebración de las Fiestas del Barrio de San Miguel 2026;Alcaldía del Ajuntament de Moncada;servicios;Resuelta;PRODUCCIONES ARTISTICAS ORANGE S.L.;2892,56;https://contrataciondelestado.es/wps/poc?uri=deeplink:detalle_licitacion&idEvl=jN31jWrk74W5HQrHoP3G5A%3D%3D
Contratos menores;Conmenurb LCSP 2026-64. Actualització web i auditoria;Alcaldía del Ayuntamiento de Meliana;servicios;Resuelta;SEQUOIA GESTION AMBIENTAL SOCIEDAD LIMITADA;2892,56;https://contrataciondelestado.es/wps/poc?uri=deeplink:detalle_licitacion&idEvl=ZDkiBjvfX7k4NavIWzMcHA%3D%3D
Contratos menores;Obras varias, acondicionamiento techo, revestimiento de pintura e impermeabilización alfeizar ventan;Alcaldía del Ayuntamiento de Cullera;obras;Resuelta;CONSTRUCCIONES Y ESTRUCTURAS AIMAR SOCIEDAD LIMITADA;2878,71;https://contrataciondelestado.es/wps/poc?uri=deeplink:detalle_licitacion&idEvl=E0XHvhCjRK44NavIWzMcHA%3D%3D
Contratos menores;"Contrato menor servicios para musical ""La Rosa Encantada"" dentro del SARC de la Diputación de Valencia";Junta de Gobierno del Ayuntamiento de Serra;servicios;Resuelta;ESPECTACULOS SERGIO SEVILLA SOCIEDAD LIMITADA;2800;https://contrataciondelestado.es/wps/poc?uri=deeplink:detalle_licitacion&idEvl=pK%2B5AUCMZtsS7pcxhTeWOg%3D%3D
Contratos menores;Obras refuerzo soporte aire acondicionado en Ausias March,2 - Av. del Port;Alcaldía del Ayuntamiento de Cullera;obras;Resuelta;CONSTRUCCIONES Y ESTRUCTURAS AIMAR SOCIEDAD LIMITADA;2739,2;https://contrataciondelestado.es/wps/poc?uri=deeplink:detalle_licitacion&idEvl=tqqVYIX3pDc%2B1TMyIiZmzw%3D%3D
Contratos menores;CM Servicio taller hábitos saludables;Alcaldía del Ayuntamiento de Manises;servicios;Resuelta;FEM ESCOLA SL;2700;https://contrataciondelestado.es/wps/poc?uri=deeplink:detalle_licitacion&idEvl=3yeal7rt66M3vLk2DU2Ddg%3D%3D
Contratos menores;Propuesta de gastos para la coordinación de seguridad y salud de las obras de la fachada;Alcaldía del Ayuntamiento de Cullera;servicios;Resuelta;ESTEFANIA NICOLAU BONET;2660;https://contrataciondelestado.es/wps/poc?uri=deeplink:detalle_licitacion&idEvl=c5FEs6LmkypVkTabT%2FRM8A%3D%3D
Contratos menores;Contrato menor de servicio de producción de video para PREMIOS Q 2026;Alcaldía del Ayuntamiento de Quart de Poblet;servicios;Resuelta;JUAN CARLOS FITA PLANELLS;2625;https://contrataciondelestado.es/wps/poc?uri=deeplink:detalle_licitacion&idEvl=spzBAChRf59%2BF6L2uCfUWg%3D%3D
Contratos menores;Campaña 25N 2026 Actuación performance Verónica Ruth Frías;Alcaldía del Ayuntamiento de Quart de Poblet;servicios;Resuelta;VERONICA RUTH FRIAS CUESTA;2600;https://contrataciondelestado.es/wps/poc?uri=deeplink:detalle_licitacion&idEvl=hgOckRCe6cpPpzdqOdhuWg%3D%3D
Contratos menores;Contrato menor servicio asistencia técnica especializada en tributos 2026;Alcaldía del Ayuntamiento de Sedaví;servicios;Resuelta;T-SYSTEMS ITC IBERIA, S.A.U.;2580;https://contrataciondelestado.es/wps/poc?uri=deeplink:detalle_licitacion&idEvl=regLlIsluRFVq4S9zvaQpQ%3D%3D
Contratos menores;BS-CM-2026_Servicio de Autobuses de Paiporta a Albal para la comida jubilados;Alcaldía del Ayuntamiento de Paiporta;servicios;Resuelta;TRANSIT BUS SOCIEDAD LIMITADA;2575,7;https://contrataciondelestado.es/wps/poc?uri=deeplink:detalle_licitacion&idEvl=H3hh27Ro262qb7rCcv76BA%3D%3D
Contratos menores;Contracte menor servei espectacle de titelles La María no té por adjudicat a l'empresa Disparatario.;Alcaldía del Ayuntamiento de Paiporta;servicios;Resuelta;MARIA LORENA COMIN BUGIOLACHI;2550;https://contrataciondelestado.es/wps/poc?uri=deeplink:detalle_licitacion&idEvl=FJNXyzOvBi0mMOlAXxDEjw%3D%3D
Contratos menores;"Contratación actuación ""Tributo"" de Jose Javier Giménez Giner para el dia 22.10.2026 dentro de Festival Kafre Teatrre";Alcaldía del Ayuntamiento de Picassent;privado;Resuelta;JOSE JAVIER GIMENEZ GINER;2500;https://contrataciondelestado.es/wps/poc?uri=deeplink:detalle_licitacion&idEvl=tCfDUfyudDBSYrkJkLlFdw%3D%3D
Contratos menores;Contrato de servicios de catering para eventos de Turismo 2026;Alcaldía del Ayuntamiento de Sagunto;servicios;Resuelta;GREGORIO GARCIA MUÑOZ;2407,16;https://contrataciondelestado.es/wps/poc?uri=deeplink:detalle_licitacion&idEvl=RSZfZXjqyhqP66GS%2BONYvQ%3D%3D
Contratos menores;Contracte menor de serveis. Gala Premis Literaris 2026. Anemanant SL;Alcaldía del Ayuntamiento de Sagunto;servicios;Resuelta;ANEMANANT SOCIEDAD LIMITADA;2400;https://contrataciondelestado.es/wps/poc?uri=deeplink:detalle_licitacion&idEvl=7dHNeKpccrgkJPJS%2BPS9vg%3D%3D
Contratos menores;Contrato menor de soporte y mantenimiento de la aplicación de deportes y juventud (2026-2027);Alcaldía del Ayuntamiento de Paiporta;servicios;Resuelta;SOCIAL CLOUD SOCIEDAD LIMITADA;2382,88;https://contrataciondelestado.es/wps/poc?uri=deeplink:detalle_licitacion&idEvl=D8fNVGOi39lVkTabT%2FRM8A%3D%3D
Contratos menores;Adquisición 1 aplicador digital de película ajustable de 250 mm con ranura para suspensión de PTFE.;Gerencias de los Institutos de la Agencia Estatal Consejo Superior de Investigaciones Científicas;suministros;Resuelta;PI-KEM LIMITED;2315;https://contrataciondelestado.es/wps/poc?uri=deeplink:detalle_licitacion&idEvl=csJM8qyty4TVGIpKDxgsAQ%3D%3D
Contratos menores;Impresión de calendarios OMIC 2027;Alcaldía del Ayuntamiento de Quart de Poblet;suministros;Resuelta;Gil Industrias Gráficas, S. L.;2304;https://contrataciondelestado.es/wps/poc?uri=deeplink:detalle_licitacion&idEvl=rOVgSaCKslikU02jNGj1Fw%3D%3D
Contratos menores;"Contrato menor de suministro de vestuario para el alumnado segunda fase Escuela Taller ""PAIPORTA URBAN NET2"" FESTA/2025/14/46";Alcaldía del Ayuntamiento de Paiporta;suministros;Resuelta;RAUL LOZANO DE VICENTE;2290,04;https://contrataciondelestado.es/wps/poc?uri=deeplink:detalle_licitacion&idEvl=vLlIU0Mch%2F7%2B3JAijKO%2Bkg%3D%3D
Contratos menores;Reparación averías vehículos: Toyota Hilux 1930DGS, Iveco Daily 5316GPG, Nissán Altelón 3320GFL,Iveco Daily 7571HGV y Nissan Qasqhai 0191KPR;Alcaldía del Ayuntamiento de Picassent;servicios;Resuelta;JOSE VICENTE ASENSIO MARTINEZ;2286,65;https://contrataciondelestado.es/wps/poc?uri=deeplink:detalle_licitacion&idEvl=hSCJkXi%2FphNxseVhcqrkhw%3D%3D
Contratos menores;Alquiler material Quartmetratges 2026 (pantalla y proyector);Alcaldía del Ayuntamiento de Quart de Poblet;servicios;Resuelta;TRANSCINEMA SERVICIOS CINEMATOGRAFICOS SOCIEDAD LIMITADA;2240;https://contrataciondelestado.es/wps/poc?uri=deeplink:detalle_licitacion&idEvl=GBv3CTmlIEzua%2Fi14w%2FPLA%3D%3D
Contratos menores;Contrato menor de servicios por personal especializado Atención en Punto de información VdG- (octubre 2026);Alcaldía del Ayuntamiento de Sagunto;servicios;Resuelta;PURIFICACION IVANA BRANDON PERALES;2200;https://contrataciondelestado.es/wps/poc?uri=deeplink:detalle_licitacion&idEvl=g6%2BFc%2Fj6%2Bjpq1DdmE7eaXg%3D%3D
Contratos menores;Propuesta de gastos restauración del libro Padrón de la Peita de Tierras Arrozales de la Villa de Cullera del año 1603 (AMCU/L1054);Alcaldía del Ayuntamiento de Cullera;servicios;Resuelta;IRENE RODRIGUEZ ABAD;2102,48;https://contrataciondelestado.es/wps/poc?uri=deeplink:detalle_licitacion&idEvl=co1NB6QiyC75Rey58Yagpg%3D%3D
Contratos menores;"Propuesta teatral educativa para campaña escolar 2026 con la obra "" influencer 21"" para alumnado de 5&#186; y 6&#186; de primaria dentro de la campaña de prevención de la UPCCA de Cullera";Alcaldía del Ayuntamiento de Cullera;servicios;Resuelta;AMBITS SOCIALS SL;2100;https://contrataciondelestado.es/wps/poc?uri=deeplink:detalle_licitacion&idEvl=MMVJ%2BDKq%2F0V9PLkba5eRog%3D%3D
Contratos menores;Contrato de servicio consistente en la dinamización del forum joven, en el marco de la redacción del II Plan de juventud 2027-2031,durante el último trimestre del 2026.;Alcaldía del Ayuntamiento de Picassent;servicios;Resuelta;GESTIONA CULTURA SL;2080;https://contrataciondelestado.es/wps/poc?uri=deeplink:detalle_licitacion&idEvl=ZNvugKXaFHXXOjazN1Dw9Q%3D%3D
Contratos menores;Contratación asesoría pirotecnica;Alcaldía del Ayuntamiento de Cullera;servicios;Resuelta;VICTOR ARROYO PEREZ;2075;https://contrataciondelestado.es/wps/poc?uri=deeplink:detalle_licitacion&idEvl=4MkKdO52C4FeKgd8LfVV9g%3D%3D
Contratos menores;Conmenurb LCSP 2026-65. Actualització del Portal de Transparència;Alcaldía del Ayuntamiento de Meliana;servicios;Resuelta;SEQUOIA GESTION AMBIENTAL SOCIEDAD LIMITADA;2065,91;https://contrataciondelestado.es/wps/poc?uri=deeplink:detalle_licitacion&idEvl=d9IM91H8apQ%2B1TMyIiZmzw%3D%3D
Contratos menores;Propuesta de gastos servicio reparacions CME;Alcaldía del Ayuntamiento de Cullera;servicios;Resuelta;JUMATECTON S.L.;2061;https://contrataciondelestado.es/wps/poc?uri=deeplink:detalle_licitacion&idEvl=ThN1%2FJsG%2F4o2wEhQbcAqug%3D%3D
Contratos menores;Contrato menor servicios talleres educativos programas de envejecimiento activo y promoción de la salud en personas mayores.;Alcaldia del Ayuntamiento de Pinet;servicios;Resuelta;AUSAES, Coop. V.;2060,87;https://contrataciondelestado.es/wps/poc?uri=deeplink:detalle_licitacion&idEvl=Nz622eIIuwWS81gZFETWmA%3D%3D
Contratos menores;Contracte menor sessió contes per a bebès i famílies el 18 d'octubre i sessions escolars dins del Festival Món de Contes 2026-OFI;Alcaldía del Ayuntamiento de Paiporta;servicios;Resuelta;ANA CRISTINA LLUCH ROMERO;2036,36;https://contrataciondelestado.es/wps/poc?uri=deeplink:detalle_licitacion&idEvl=yKSRuxOq3FxJ8Trn0ZPzLw%3D%3D
Contratos menores;Adjudicando contrato menor de servicios de Campañas Publicitaria Arroyo Empresas en Es Radio;Alcaldia del Ayuntamiento de Arroyo de la Encomienda;servicios;Resuelta;CASTILLA Y LEON RADIO SA;2000;https://contrataciondelestado.es/wps/poc?uri=deeplink:detalle_licitacion&idEvl=0%2BhNdYsmu6vLIx6q1oPaMg%3D%3D
Contratos menores;Contrato menor de suministro «Bomba vertical para extracción de agua»;Alcaldía del Ayuntamiento de Silla;suministros;Resuelta;BOGRUP BOMBAS Y GRUPOS ALZIRA SL;1995,95;https://contrataciondelestado.es/wps/poc?uri=deeplink:detalle_licitacion&idEvl=i9FkSgbtTdZ9Zh%2FyRJgM8w%3D%3D
Contratos menores;Alquiler sillas y mesas para acto de inaguracion curso escolar senior;Alcaldía del Ayuntamiento de Mislata;suministros;Resuelta;MATHENA PRODUCCIONES SL;1972;https://contrataciondelestado.es/wps/poc?uri=deeplink:detalle_licitacion&idEvl=1MPkPy%2BJI8rua%2Fi14w%2FPLA%3D%3D
Contratos menores;Contrato menor de servicios catering Patrón Policía Local;Alcaldía del Ayuntamiento de Sagunto;servicios;Resuelta;GREGORIO GARCIA MUÑOZ;1971,45;https://contrataciondelestado.es/wps/poc?uri=deeplink:detalle_licitacion&idEvl=z9mXAKWmyLHL1rX3q%2FMAPA%3D%3D
Contratos menores;Multiplaca base reparada;Alcaldía del Ayuntamiento de Cullera;servicios;Resuelta;ASZENDE, SLU;1966,52;https://contrataciondelestado.es/wps/poc?uri=deeplink:detalle_licitacion&idEvl=YqircLhRJtE%2B1TMyIiZmzw%3D%3D
Contratos menores;Obras sistema de climatización;Alcaldía del Ayuntamiento de Cullera;obras;Resuelta;CONSTRUCCIONES Y ESTRUCTURAS AIMAR SOCIEDAD LIMITADA;1944;https://contrataciondelestado.es/wps/poc?uri=deeplink:detalle_licitacion&idEvl=51yDDMyJxdFeKgd8LfVV9g%3D%3D
Contratos menores;CM Servicio revisión y mantenimiento del Rocódromo Municipal;Alcaldía del Ayuntamiento de Manises;servicios;Resuelta;JONATHAN LOZANO ZARAGOZA;1900;https://contrataciondelestado.es/wps/poc?uri=deeplink:detalle_licitacion&idEvl=gVjHd1qrqQuTylGzYmBF9Q%3D%3D
Contratos menores;Contrato Menor. Suministro fundas Chalecos Balísticos para agentes nuevo ingreso;Alcaldía del Ayuntamiento de Paiporta;suministros;Resuelta;AKETON PROTECT SOCIEDAD LIMITADA;1750;https://contrataciondelestado.es/wps/poc?uri=deeplink:detalle_licitacion&idEvl=%2F7TI%2FD%2BW131SYrkJkLlFdw%3D%3D
Contratos menores;Contrato menor servicio anuncio publicitario XV Congreso Citricola l'Horta Sud 15 de octubre 2026;Alcaldía del Ayuntamiento de Picassent;servicios;Resuelta;DANIEL MARTORELL IBAÑEZ;1735;https://contrataciondelestado.es/wps/poc?uri=deeplink:detalle_licitacion&idEvl=bZFrnl9D6JrLIx6q1oPaMg%3D%3D
Contratos menores;Contrato menor para representación de monólogo teatral;Alcaldía del Ayuntamiento de Sagunto;servicios;Resuelta;MARIA CARMEN CARRERA HIDALGO;1704,55;https://contrataciondelestado.es/wps/poc?uri=deeplink:detalle_licitacion&idEvl=N%2FeiABB8Iyu7JOCXkOhcDg%3D%3D
Contratos menores;P.G. Alquiler carretilla elevadora Oliver;Alcaldía del Ayuntamiento de Cullera;suministros;Resuelta;CONSTRUCCIONES INTEGRALES OLIVER SOCIEDAD LIMITADA;1680;https://contrataciondelestado.es/wps/poc?uri=deeplink:detalle_licitacion&idEvl=Onau%2FtzHm9v5Rey58Yagpg%3D%3D
Contratos menores;CM SERVICIOS. Corrección y traducción textos al valenciano 2026 (septiembre-noviembre);Alcaldía del Ayuntamiento de Manises;servicios;Resuelta;ROGER SARRIA BATLLE;1652,89;https://contrataciondelestado.es/wps/poc?uri=deeplink:detalle_licitacion&idEvl=mbRCANfcLUa9Hd5zqvq9cg%3D%3D
Contratos menores;Suministro 3 generadores Ayerbe Energen 4000 INV para agricultura;Alcaldía del Ayuntamiento de Picassent;suministros;Resuelta;MAQUINARIA AGRICOLA HERNANDEZ, S.L.;1611,57;https://contrataciondelestado.es/wps/poc?uri=deeplink:detalle_licitacion&idEvl=pp19gbaO22PIGlsa0Wad%2Bw%3D%3D
Contratos menores;"Club de lectura ""Leer es Escuchar"".";Alcaldia del Ayuntamiento de Arroyo de la Encomienda;servicios;Resuelta;ARANZAZU MATEO BURGOS;1600;https://contrataciondelestado.es/wps/poc?uri=deeplink:detalle_licitacion&idEvl=kLXY4daAf1i9Hd5zqvq9cg%3D%3D
Contratos menores;Contratación Grup Cultural Ball de Bastonots para su participación en la fiesta del 9 d'octubre de 2026 en la Pza. de la Ermita. Pasacalle y talleres.;Alcaldía del Ayuntamiento de Picassent;privado;Resuelta;GRUP CULTURAL BALL DE BASTONOTS;1600;https://contrataciondelestado.es/wps/poc?uri=deeplink:detalle_licitacion&idEvl=ZAg9rEASj%2F56nTs9LZ9RhQ%3D%3D
Contratos menores;CM- Servicio de trituración hierba en el puente LOS ARCOS de Manises.;Alcaldía del Ayuntamiento de Manises;servicios;Resuelta;EXCAVACIONES Y SERVICIOS LUIS JAVIER TIRADO SOCIEDAD LIMITADA;1570;https://contrataciondelestado.es/wps/poc?uri=deeplink:detalle_licitacion&idEvl=OJKYb%2FOXPGH5Rey58Yagpg%3D%3D
Contratos menores;Servicio redacción de memoria valorada para la construcción de vallado de las pistas deportivas del Polideportivo Municipal;Alcaldía del Ayuntamiento de Picassent;servicios;Resuelta;INTRA2 ARQUITECTURA I URBANISME SOCIEDAD LIMITADA PROFESIONAL;1500;https://contrataciondelestado.es/wps/poc?uri=deeplink:detalle_licitacion&idEvl=wwW6elGB8P1PpzdqOdhuWg%3D%3D
Contratos menores;Contracte menor sessió contes 18 d'octubre i sessions escolars dins del Festival Món de Contes 2026-OFI;Alcaldía del Ayuntamiento de Paiporta;servicios;Resuelta;RAUL VACAS POLO;1500;https://contrataciondelestado.es/wps/poc?uri=deeplink:detalle_licitacion&idEvl=haTmZzN3aHMIYE3ZiZ%2BxmQ%3D%3D
Contratos menores;P.G.:Honorarios Dirección de Obra y Coord. de S.S. en obras climatización Casa Palomes;Alcaldía del Ayuntamiento de Cullera;servicios;Resuelta;SOLINGE ENGINYERS SL;1500;https://contrataciondelestado.es/wps/poc?uri=deeplink:detalle_licitacion&idEvl=U1RuaPRXZ0S9Hd5zqvq9cg%3D%3D
Contratos menores;Contrato consistente en la compra de mobiliario urbano exterior para el patio del centro municipal El Caliu.;Alcaldía del Ayuntamiento de Picassent;suministros;Resuelta;BENITO URBAN SL;1496,73;https://contrataciondelestado.es/wps/poc?uri=deeplink:detalle_licitacion&idEvl=3HzofoA05wdrhBlEHQFSKA%3D%3D
Contratos menores;Propuesta de gastos servicios de limpieza y mantenimiento de la cubierta del pabellón.;Alcaldía del Ayuntamiento de Cullera;servicios;Resuelta;CONSTRUCCIONES INTEGRALES OLIVER SOCIEDAD LIMITADA;1483;https://contrataciondelestado.es/wps/poc?uri=deeplink:detalle_licitacion&idEvl=%2BqWPyxGsj1c%2FbjW6njtWLw%3D%3D
Contratos menores;Contracte menor sessions escolars de contes del 13 al 18 d'octubre dins del Festival Món de Contes 2026-OFI;Alcaldía del Ayuntamiento de Paiporta;servicios;Resuelta;Pámpol Teatro S.L;1454,55;https://contrataciondelestado.es/wps/poc?uri=deeplink:detalle_licitacion&idEvl=lHt7WeAup9xrSd8H4b2soA%3D%3D
Contratos menores;Contrato menor servicios programas, talleres y charlas que fomenten la igualdad entre mujeres y hombres.;Alcaldia del Ayuntamiento de Pinet;servicios;Resuelta;AUSAES, Coop. V.;1437,48;https://contrataciondelestado.es/wps/poc?uri=deeplink:detalle_licitacion&idEvl=gPEvRgb88tvyoM4us5k4vw%3D%3D
Contratos menores;Contracte menor de serveis - Organisme certificació adminis i pla d'emergències - 9 D'OCTUBRE 2026;Alcaldía del Ayuntamiento de Paiporta;servicios;Resuelta;BOREAS CONSULTORIA TECNICA SOCIEDAD LIMITADA;1400;https://contrataciondelestado.es/wps/poc?uri=deeplink:detalle_licitacion&idEvl=oEVsMIvCaQVLAIVZdUs8KA%3D%3D
Contratos menores;Contracte Menor Servicis: Actuació musical grup de rock Discovery. Subvenció SARC als pobles 2026;Alcaldía del Ayuntamiento de Vallada;servicios;Resuelta;ESPECTACLES BARFI SOCIEDAD LIMITADA;1392,56;https://contrataciondelestado.es/wps/poc?uri=deeplink:detalle_licitacion&idEvl=oY%2B4FNf3S1ktm4eBPtV6eQ%3D%3D
Contratos menores;"Contrato del servicio de dinamización de talleres de igualdad ""Patriarcado mecanismo novivo"", DIVAL";Alcaldía del Ayuntamiento de Mislata;servicios;Resuelta;PATRIARCADOORGANISMONOCIVO SOCIEDAD LIMITADA;1380;https://contrataciondelestado.es/wps/poc?uri=deeplink:detalle_licitacion&idEvl=8xs9RxpQ%2FfScTfjQf3USOg%3D%3D
Contratos menores;Contracte Menor Servicis: Redacció porjecte d'ejecució, Direcció d'obra i Coordinació de seguretat i salut dels tractaments selvicoles preventius (Desbrossament en maquinaria)de la zona 2 PLPIF de Vallada-Área Estratégica Gestió.Subv. Fons Estraègic de Prevenció d'Incèncdis i Gestió Forestal 2026.;Alcaldía del Ayuntamiento de Vallada;servicios;Resuelta;VICTOR ARTEAGA TELLO;1375,68;https://contrataciondelestado.es/wps/poc?uri=deeplink:detalle_licitacion&idEvl=rFSt2ASadyScCF8sV%2BqtYA%3D%3D
Contratos menores;Contratación para la realización de diversos trabajos de imprenta con motivo de la celebración del Festival de Teatro Kafre 2026.;Alcaldía del Ayuntamiento de Picassent;suministros;Resuelta;COPIFORMES SOCIEDAD LIMITADA;1353,25;https://contrataciondelestado.es/wps/poc?uri=deeplink:detalle_licitacion&idEvl=quF%2F09xSKNYtm4eBPtV6eQ%3D%3D
Contratos menores;Contracte menor de sonorització del 14 al 17 d'octubre per al Festival Paiporta Món de Contes 2026 - OFI;Alcaldía del Ayuntamiento de Paiporta;suministros;Resuelta;ROYAL SERVER SOCIEDAD LIMITADA;1314;https://contrataciondelestado.es/wps/poc?uri=deeplink:detalle_licitacion&idEvl=3JZu6DzTWhbE6P%2FuLemXRw%3D%3D
Contratos menores;Contrato menor servicios Carga, Montaje y Desmontaje de Barreras Festejos Taurinos;Alcaldía del Ayuntamiento de Vallada;servicios;Resuelta;MATERIALES DE CONSTRUCCION VIPAS SL;1270,88;https://contrataciondelestado.es/wps/poc?uri=deeplink:detalle_licitacion&idEvl=A%2BOAufhbxOWHCIsjvJ3rhQ%3D%3D
Contratos menores;Reparación placa cabina ascensor inferior castillo;Alcaldía del Ayuntamiento de Cullera;servicios;Resuelta;ASZENDE, SLU;1257,12;https://contrataciondelestado.es/wps/poc?uri=deeplink:detalle_licitacion&idEvl=havIWQfx8qYaF6cS8TCh%2FA%3D%3D
Contratos menores;Contrato suministro premios del Festival QUARTMETRATGES 2026.;Alcaldía del Ayuntamiento de Quart de Poblet;suministros;Resuelta;MIGUEL ANGEL MORA CORACHAN;1251,29;https://contrataciondelestado.es/wps/poc?uri=deeplink:detalle_licitacion&idEvl=8LMFfGuejAEeIBJRHQiPkQ%3D%3D
Contratos menores;ConmenurbLCSP 2026-67. Serveis Enginyer setembre 2026;Alcaldía del Ayuntamiento de Meliana;servicios;Resuelta;JUAN JOSE GALIANO SABORIDO;1248;https://contrataciondelestado.es/wps/poc?uri=deeplink:detalle_licitacion&idEvl=ZDkiBjvfX7ngL1BHd3qjQA%3D%3D
Contratos menores;CM- Modificación instalación de gas CEIP García Planells.;Alcaldía del Ayuntamiento de Manises;servicios;Resuelta;CLIMENT MARTINEZ GAS SOCIEDAD LIMITADA;1244,1;https://contrataciondelestado.es/wps/poc?uri=deeplink:detalle_licitacion&idEvl=f0f4pvf%2FJwj5Rey58Yagpg%3D%3D
Contratos menores;Contrato menor servicios Pirotecnia fiestas 2026;Alcaldía del Ayuntamiento de Sempere;servicios;Resuelta;PIROTECNIA AITANA SOCIEDAD LIMITADA;1239,67;https://contrataciondelestado.es/wps/poc?uri=deeplink:detalle_licitacion&idEvl=40e7O5RA7G5t5r0ngvMetA%3D%3D
Contratos menores;Impresión programación Quartmetratges 2026;Alcaldía del Ayuntamiento de Quart de Poblet;suministros;Resuelta;MUNDO GRAFICO SERVICIOS INTEGRALES DE IMPRESION SL;1201,47;https://contrataciondelestado.es/wps/poc?uri=deeplink:detalle_licitacion&idEvl=DSd4tHhZFvq9Hd5zqvq9cg%3D%3D
Contratos menores;P.G.:Honorarios Dirección de Obra y Coord. de S.S. en obras climatización derecha Salón de Actos;Alcaldía del Ayuntamiento de Cullera;servicios;Resuelta;SOLINGE ENGINYERS SL;1199,27;https://contrataciondelestado.es/wps/poc?uri=deeplink:detalle_licitacion&idEvl=fnPc3Km9uoZ9PLkba5eRog%3D%3D
Contratos menores;P.G.:Honorarios Dirección de Obra y Coord. de S.S. en obras climatización Hall Auditorio;Alcaldía del Ayuntamiento de Cullera;servicios;Resuelta;SOLINGE ENGINYERS SL;1158,66;https://contrataciondelestado.es/wps/poc?uri=deeplink:detalle_licitacion&idEvl=s3CroO%2FMwSMwYTJJ03sHog%3D%3D
Contratos menores;Contracte menor dos sessions de contes per públic familiar i adult els dies 16 i 17 d'octubre dins del Festival Món de Contes 2026-OFI;Alcaldía del Ayuntamiento de Paiporta;servicios;Resuelta;MARIA ESTRELLA ORTIZ ARROYO;1117,65;https://contrataciondelestado.es/wps/poc?uri=deeplink:detalle_licitacion&idEvl=xzXeKdZg3nOzz8fXU2i3eQ%3D%3D
Contratos menores;Contrato menor de servicio de reparación urgente de tubería del vaso de compensación de la piscina cubierta. (FRAMATVAL-Ok Piscinas).;Alcaldía del Ayuntamiento de Quart de Poblet;servicios;Resuelta;OK PISCINAS, SL;1100;https://contrataciondelestado.es/wps/poc?uri=deeplink:detalle_licitacion&idEvl=2ttcufZJuBNrhBlEHQFSKA%3D%3D
Contratos menores;Instalación de barrera fotoeléctrica en elevador de Centro Social C/ La Paz 5A;Alcaldía del Ayuntamiento de Losa del Obispo;servicios;Resuelta;INTO PULSE SL.;1083,24;https://contrataciondelestado.es/wps/poc?uri=deeplink:detalle_licitacion&idEvl=3yeal7rt66M2wEhQbcAqug%3D%3D
Contratos menores;Educación 2026. Contrato menor. catering para alumnado programa ESTALMAT 2026;Alcaldía del Ayuntamiento de Requena;servicios;Resuelta;HAPPY BITES SOCIEDAD LIMITADA;1066,1;https://contrataciondelestado.es/wps/poc?uri=deeplink:detalle_licitacion&idEvl=uWj9kg%2F8Q21J8Trn0ZPzLw%3D%3D
Contratos menores;CM_ Servicio de reposición de columna de alumbrado derribada en accidente de tráfico;Alcaldia del Ayuntamiento de Arroyo de la Encomienda;servicios;Resuelta;ELECTRICIDAD PASCUAL DE DIEGO, SL;1051;https://contrataciondelestado.es/wps/poc?uri=deeplink:detalle_licitacion&idEvl=L6ilR46uIqbE6P%2FuLemXRw%3D%3D
Contratos menores;Educación 2026. Contrato menor. Alojamiento alumnado programa ESTALMAT 2026;Alcaldía del Ayuntamiento de Requena;servicios;Resuelta;CASITAS REFUGIO LA PURISIMA SOCIEDAD LIMITADA;1045,45;https://contrataciondelestado.es/wps/poc?uri=deeplink:detalle_licitacion&idEvl=cL27Boa4e0dxseVhcqrkhw%3D%3D
Contratos menores;Contrato menor suministro de material merchandising serigrafiado para mercadillo ambulante;Alcaldía del Ayuntamiento de Paiporta;suministros;Resuelta;CALOPLASTIC SL;1025;https://contrataciondelestado.es/wps/poc?uri=deeplink:detalle_licitacion&idEvl=Q27X3V4TU2bLIx6q1oPaMg%3D%3D
Contratos menores;Contracte menor Servicis: Ludoteca de jocs tradicionals 17 octubre. Subvenció SARC als pobles 2026.;Alcaldía del Ayuntamiento de Vallada;servicios;Resuelta;Mari Carmen Muñoz Moreno;975,42;https://contrataciondelestado.es/wps/poc?uri=deeplink:detalle_licitacion&idEvl=qyK%2BZ8CxntPCfVQHDepjGQ%3D%3D
Contratos menores;Contrato menor suministro programadores y cuadro eléctrico para el Port;Alcaldía del Ayuntamiento de Catarroja;suministros;Resuelta;VALEKTRA XXI SL;968,68;https://contrataciondelestado.es/wps/poc?uri=deeplink:detalle_licitacion&idEvl=J%2ByL69KoUdqKeVWTb9Scog%3D%3D
Contratos menores;Ampliació FM26 Servei de catering per a la Nit Estellés;Alcaldía del Ayuntamiento de Catarroja;servicios;Resuelta;STREET CATERING, S.L.;960;https://contrataciondelestado.es/wps/poc?uri=deeplink:detalle_licitacion&idEvl=WH2UG1NsEf3XOjazN1Dw9Q%3D%3D
Contratos menores;"Contrato menor servicios Redacción proyecto y Dirección obra ""Pavimentación de vial XAT-VI-2.073.04 de Pinet"". Gesfosos 2025. Modalidad A.1.1. Núm expte: 462/25/MAM";Alcaldia del Ayuntamiento de Pinet;servicios;Resuelta;JESUS ARLANDIS DIEZ;958,33;https://contrataciondelestado.es/wps/poc?uri=deeplink:detalle_licitacion&idEvl=Nz622eIIuwVQFSeKCRun4Q%3D%3D
Contratos menores;Contrato suministro urgente equipo informático;Alcaldía del Ayuntamiento de Sagunto;suministros;Resuelta;DIGITAL INTER FAX SL;951;https://contrataciondelestado.es/wps/poc?uri=deeplink:detalle_licitacion&idEvl=N%2FeiABB8IyvkY6rls5tG9A%3D%3D
Contratos menores;Suministro proyector epson EM-1780w y dos soportes dobles monitores;Alcaldia del Ayuntamiento de Arroyo de la Encomienda;suministros;Resuelta;HARDTRONIC SL;947,95;https://contrataciondelestado.es/wps/poc?uri=deeplink:detalle_licitacion&idEvl=yPkwvswEqwMeIBJRHQiPkQ%3D%3D
Contratos menores;Sustitución Ventilador Averiado;Alcaldía del Ayuntamiento de Cullera;servicios;Resuelta;VERDU MASIP SERVICIOS SL;900,9;https://contrataciondelestado.es/wps/poc?uri=deeplink:detalle_licitacion&idEvl=HCWBwWQe8683vLk2DU2Ddg%3D%3D
Contratos menores;Contrato menor de servicio de tapizado de maquinaria de la sala de musculación del Complejo Polideportivo. (Pedro Martínez - Tapicero Restaurador);Alcaldía del Ayuntamiento de Quart de Poblet;servicios;Resuelta;Pedro Vicente Martinez Garcia;887;https://contrataciondelestado.es/wps/poc?uri=deeplink:detalle_licitacion&idEvl=GBv3CTmlIExrSd8H4b2soA%3D%3D
Contratos menores;Con Men Lcsp CO 2026 Fotografías Fimel 2026;Alcaldía del Ayuntamiento de Meliana;servicios;Resuelta;JOSEP MARÍA PUCHADES PARDO;850;https://contrataciondelestado.es/wps/poc?uri=deeplink:detalle_licitacion&idEvl=d9IM91H8apTzAq95uGTrDQ%3D%3D
Contratos menores;Contratación menor carteles de obras del PAI Serem, primera remesa;Alcaldía del Ayuntamiento de Puçol;suministros;Resuelta;Identificación y Marketing, S.L.;840;https://contrataciondelestado.es/wps/poc?uri=deeplink:detalle_licitacion&idEvl=YOJY7%2FfFS05%2FR5QFTlaM4A%3D%3D
Contratos menores;Prestación del Servicio de actuación callejera de Quijote y Sancho en Campo de Criptana (Ciudad Real) para 10ª reunión de la Comisión de Recursos Naturales (NAT);Secretaría General de la Presidencia de la Junta de Comunidades de Castilla-La Mancha;servicios;Resuelta;LAESPADA PRODUCCIONES 099, S.L.U.;825;https://contrataciondelestado.es/wps/poc?uri=deeplink:detalle_licitacion&idEvl=s6PXCgbRmNdVYjgxA4nMUw%3D%3D
Contratos menores;"Contrato Menor suministro Mat. Escolar Consum. 2&#186; CP FOTAV/2025/33/46 Paiporta en accio 2025";Alcaldía del Ayuntamiento de Paiporta;suministros;Resuelta;ARANTXA CARCELLER GENOVES;823,01;https://contrataciondelestado.es/wps/poc?uri=deeplink:detalle_licitacion&idEvl=94KYWuTRrP3%2Fa9DgO%2BoYKQ%3D%3D
Contratos menores;Reparació DÍMMER i adquisició material elèctric per al Saló d’Actes de la Casa de la Cultura;Alcaldía del Ayuntamiento de Cullera;servicios;Resuelta;CHOFRE PRODUCCIONS SL;809,8;https://contrataciondelestado.es/wps/poc?uri=deeplink:detalle_licitacion&idEvl=MMVJ%2BDKq%2F0UkJPJS%2BPS9vg%3D%3D
Contratos menores;Contrato menor - Espectáculo EL FIN, dentro de I Muestra de Teatro Aficionado.;Alcaldia del Ayuntamiento de Arroyo de la Encomienda;servicios;Resuelta;ASOC ZALAMERA TEATRO;800;https://contrataciondelestado.es/wps/poc?uri=deeplink:detalle_licitacion&idEvl=m8pMDziVHubs%2BnLj3vAg5A%3D%3D
Contratos menores;CM_Reparación de bomba sumergible en el campo de Golf;Alcaldia del Ayuntamiento de Arroyo de la Encomienda;servicios;Resuelta;Infraestructuras de Riego y Conducciones S.A;792,63;https://contrataciondelestado.es/wps/poc?uri=deeplink:detalle_licitacion&idEvl=ktQSi%2BwrikXXOjazN1Dw9Q%3D%3D
Contratos menores;Servicio de revisión anual baja tensión y trimestral grupo electrógeno Plaza Mercado;Alcaldía del Ayuntamiento de Cullera;servicios;Resuelta;SERTEVAL ELECTRICA SL;788;https://contrataciondelestado.es/wps/poc?uri=deeplink:detalle_licitacion&idEvl=3%2FEcrE9LpMy8ebB%2FXTwy0A%3D%3D
Contratos menores;Contrato menor servicio para mantenimiento y reparación vehículo municipal departamento urbanismo;Alcaldía del Ayuntamiento de Cullera;servicios;Resuelta;MAROTO AUTOMOCIÓN, SL;786,56;https://contrataciondelestado.es/wps/poc?uri=deeplink:detalle_licitacion&idEvl=Om3L7U2gyd35Rey58Yagpg%3D%3D
Contratos menores;Contrato del psicólogo para pruebas de oficial;Alcaldía del Ayuntamiento de L'Eliana;servicios;Resuelta;PSICO-ARNAL SL;780,99;https://contrataciondelestado.es/wps/poc?uri=deeplink:detalle_licitacion&idEvl=CSNWMjS20kLi0Kd8%2Brcp6w%3D%3D
Contratos menores;Sobres juzcado de paz;Alcaldia del Ayuntamiento de Arroyo de la Encomienda;suministros;Resuelta;DISEGNA DISEÑO Y COMUNICACION SL;723,08;https://contrataciondelestado.es/wps/poc?uri=deeplink:detalle_licitacion&idEvl=ZNvugKXaFHUtm4eBPtV6eQ%3D%3D
Contratos menores;Contracte menor de subministrament - Cartes de Reis - 2026;Alcaldía del Ayuntamiento de Paiporta;suministros;Resuelta;MUNDO GRAFICO SERVICIOS INTEGRALES DE IMPRESION SL;722,51;https://contrataciondelestado.es/wps/poc?uri=deeplink:detalle_licitacion&idEvl=ygNHaan4n3F6nTs9LZ9RhQ%3D%3D
Contratos menores;CM_Servicio de reparación del vehículo 9416GYZ, SUZUKI VITARA;Alcaldia del Ayuntamiento de Arroyo de la Encomienda;servicios;Resuelta;ANGEL ALFREDO GARCIA PEREZ;713,7;https://contrataciondelestado.es/wps/poc?uri=deeplink:detalle_licitacion&idEvl=0%2BhNdYsmu6t6nTs9LZ9RhQ%3D%3D
Contratos menores;Contrato menor de servicio de reparaciones urgentes en instalaciones deportivas municipales (Redondo Ingeniería e Instalaciones SLU);Alcaldía del Ayuntamiento de Quart de Poblet;servicios;Resuelta;Redondo Ingeniería e Instalaciones SLU;705;https://contrataciondelestado.es/wps/poc?uri=deeplink:detalle_licitacion&idEvl=am%2B%2B1RuycJF%2BF6L2uCfUWg%3D%3D
Contratos menores;Contrato de servicios de organización de evento de recreación histórica Moros y Cristianos;Alcaldía del Ayuntamiento de Sagunto;servicios;Resuelta;JOSE VICENTE BRU MOLINA;700;https://contrataciondelestado.es/wps/poc?uri=deeplink:detalle_licitacion&idEvl=yXME5jEI7z7%2Fa9DgO%2BoYKQ%3D%3D
Contratos menores;Contrato menor de servicios a personal especializado Atención en Punto de información VdG- (Noche de San Juan-2026);Alcaldía del Ayuntamiento de Sagunto;servicios;Resuelta;ASOCIACION ALANNA;698;https://contrataciondelestado.es/wps/poc?uri=deeplink:detalle_licitacion&idEvl=eku5MtYdlLDmnwcj%2BxbdTg%3D%3D
Contratos menores;Adquisición de productos de limpieza para el cementerio municipal para la festividad de Todos los Santos;Alcaldía del Ayuntamiento de Picassent;suministros;Resuelta;DROGUERIA BELENGUER SOCIEDAD LIMITADA;692,11;https://contrataciondelestado.es/wps/poc?uri=deeplink:detalle_licitacion&idEvl=nMqc7CxhCykIYE3ZiZ%2BxmQ%3D%3D
Contratos menores;Suministro merchandising Marcadores - Mislata Jove Fest 2026;Alcaldía del Ayuntamiento de Mislata;suministros;Resuelta;Arpa Gift;685;https://contrataciondelestado.es/wps/poc?uri=deeplink:detalle_licitacion&idEvl=1G%2BgSetCSpozjChw4z%2FXvw%3D%3D
Contratos menores;Compra aglomerado asfáltico en frio FRANS BONHOMME;Alcaldía del Ayuntamiento de Cullera;suministros;Resuelta;FRANS BONHOMME;672,3;https://contrataciondelestado.es/wps/poc?uri=deeplink:detalle_licitacion&idEvl=IgJXeg%2Bt5GG2gkLQ8TeYKA%3D%3D
Contratos menores;Contracte menor subministre arrendament estructura trasera acte 9 d'Octubre;Alcaldía del Ayuntamiento de Cullera;suministros;Resuelta;CHOFRE PRODUCCIONS SL;670;https://contrataciondelestado.es/wps/poc?uri=deeplink:detalle_licitacion&idEvl=A4WsztftNT8eIBJRHQiPkQ%3D%3D
Contratos menores;Reparación aire acondicionado edificio Quart Jove;Alcaldía del Ayuntamiento de Quart de Poblet;servicios;Resuelta;ECOSIONA FACILITY SERVICES SOCIEDAD LIMITADA;665,55;https://contrataciondelestado.es/wps/poc?uri=deeplink:detalle_licitacion&idEvl=3ssU5njzG1iGCFcHcNGIlQ%3D%3D
Contratos menores;"P.G. impresión Cartelería Mostra de Teatre ""Cullera a Escena 26""";Alcaldía del Ayuntamiento de Cullera;suministros;Resuelta;DOLORS ROYO GIL;604;https://contrataciondelestado.es/wps/poc?uri=deeplink:detalle_licitacion&idEvl=y0NC%2B4yiOVEl5NjlNci%2BtA%3D%3D
Contratos menores;Contrato conferencia Máximo Pradera;Alcaldía del Ayuntamiento de Sagunto;servicios;Resuelta;MAXIMO PRADERA SANCHEZ;600;https://contrataciondelestado.es/wps/poc?uri=deeplink:detalle_licitacion&idEvl=bYJ4HwOhfaRQFSeKCRun4Q%3D%3D
Contratos menores;Contracte menor subministrament de piano el dia 14 d'octubre per a la inauguració del Festival Món de Contes 2026-OFI;Alcaldía del Ayuntamiento de Paiporta;suministros;Resuelta;ALVEX MUSIC SOCIEDAD LIMITADA;600;https://contrataciondelestado.es/wps/poc?uri=deeplink:detalle_licitacion&idEvl=SyrqwnZ67iTjHF5qKI4aaw%3D%3D
Contratos menores;Contrato menor alimentación colonias felinas. 2026;Alcaldía del Ayuntamiento de Losa del Obispo;suministros;Resuelta;ANDREEA ELENA DRAGOMIR;599,07;https://contrataciondelestado.es/wps/poc?uri=deeplink:detalle_licitacion&idEvl=i4GDGVg7xs87u6%2B%2FR7DUoA%3D%3D
Contratos menores;Reparación persiana acceso personal. Centro de Salud Auxiliar Ortega y Gasset;Alcaldía del Ayuntamiento de Mislata;servicios;Resuelta;AUTOMATISMOS MARSO SL;580;https://contrataciondelestado.es/wps/poc?uri=deeplink:detalle_licitacion&idEvl=8xs9RxpQ%2FfSGCFcHcNGIlQ%3D%3D
Contratos menores;Contracte menor d'impressió i subministrament de lones, roll-ups i tríptics per al Festival Paiporta Món de Contes 2026 - OFI;Alcaldía del Ayuntamiento de Paiporta;suministros;Resuelta;TRESINTER SL;576;https://contrataciondelestado.es/wps/poc?uri=deeplink:detalle_licitacion&idEvl=3JZu6DzTWhZ%2FR5QFTlaM4A%3D%3D
Contratos menores;Lonas y Mupis Quartmetratges 2026;Alcaldía del Ayuntamiento de Quart de Poblet;suministros;Resuelta;Gil Industrias Gráficas, S. L.;569;https://contrataciondelestado.es/wps/poc?uri=deeplink:detalle_licitacion&idEvl=dLVlc1C%2BZ4fXOjazN1Dw9Q%3D%3D
Contratos menores;"CM Servicios: Coordinación Seguridad y Salud de la Obra ""Mejora señalética vertical y horizontal en las calles de Montcada"" obra incluida en el Plan Abierto de Inversiones de la Diputación Provincial de Valencia 2022-23";Alcaldía del Ajuntament de Moncada;servicios;Resuelta;PAUL JOSE ROCH PARSONS;558,47;https://contrataciondelestado.es/wps/poc?uri=deeplink:detalle_licitacion&idEvl=78tPPhhDr%2F19Zh%2FyRJgM8w%3D%3D
Contratos menores;"CM de servicios: escape room ""Human alliance""";Alcaldía del Ayuntamiento de Manises;servicios;Resuelta;JUAN PARRA COLLADO;550;https://contrataciondelestado.es/wps/poc?uri=deeplink:detalle_licitacion&idEvl=YIjekC%2FjZcweIBJRHQiPkQ%3D%3D
Contratos menores;Contrato menor de suministros marcos láminas exposición-17 mayo;Alcaldía del Ayuntamiento de Sagunto;suministros;Resuelta;EDUARDO SANCHEZ MARTINEZ;535,55;https://contrataciondelestado.es/wps/poc?uri=deeplink:detalle_licitacion&idEvl=YOJY7%2FfFS06FQ%2FlhRK79lA%3D%3D
Contratos menores;Proposta de despeses de vinils per al Espai Jove El Patronat;Alcaldía del Ayuntamiento de Cullera;suministros;Resuelta;SERGIO GOMEZ GARCIA;523;https://contrataciondelestado.es/wps/poc?uri=deeplink:detalle_licitacion&idEvl=3%2FEcrE9LpMxrSd8H4b2soA%3D%3D
Contratos menores;Nou d'Octubre 2026: Plan de Seguridad (ITC 8 del Real Decreto 989/2015) del disparo pirotécnico;Alcaldía del Ayuntamiento de Quart de Poblet;servicios;Resuelta;DLA INGENIERIA Y CONSULTORIA TECNICA SL;520;https://contrataciondelestado.es/wps/poc?uri=deeplink:detalle_licitacion&idEvl=0UZSo9mkPg4ZDGvgaZEVxQ%3D%3D
Contratos menores;"Adquisición material escolar 2&#186; CdP TE Carmen Herrero 2025";Alcaldía del Ayuntamiento de Picassent;suministros;Resuelta;MARIA CARMEN IBAÑEZ DELGADO;509,88;https://contrataciondelestado.es/wps/poc?uri=deeplink:detalle_licitacion&idEvl=quF%2F09xSKNbyoM4us5k4vw%3D%3D
Contratos menores;CM_ Reposición de puertas de entrada en casa de la música;Alcaldia del Ayuntamiento de Arroyo de la Encomienda;suministros;Resuelta;TALLERES ARROYO ENCOMIENDA SL;490;https://contrataciondelestado.es/wps/poc?uri=deeplink:detalle_licitacion&idEvl=KeQZD7TNioheKgd8LfVV9g%3D%3D
Contratos menores;CM_.Suministro de lijadora para pintura en edificios.;Alcaldia del Ayuntamiento de Arroyo de la Encomienda;suministros;Resuelta;EXCLUSIVAS MAOR, SL;469;https://contrataciondelestado.es/wps/poc?uri=deeplink:detalle_licitacion&idEvl=WEhVd8bWlqTIGlsa0Wad%2Bw%3D%3D
Contratos menores;trofeos evento Autos Clásicos SAG 17 de octubre de 2026.;Alcaldía del Ayuntamiento de San Agustín del Guadalix;servicios;Resuelta;ARTIFICIO CREACIÓN CREATIVA, S.L.;460;https://contrataciondelestado.es/wps/poc?uri=deeplink:detalle_licitacion&idEvl=EY9P1FPQrkyHCIsjvJ3rhQ%3D%3D
Contratos menores;Rotulación puertas Mercado Municipal;Alcaldía del Ayuntamiento de Cullera;servicios;Resuelta;FERNANDO RAMON ANDRES BRIVA;460;https://contrataciondelestado.es/wps/poc?uri=deeplink:detalle_licitacion&idEvl=jMadNAAEjleTylGzYmBF9Q%3D%3D
Contratos menores;Formación trabajadores: curso de trabajos en altura;Alcaldía del Ayuntamiento de Sedaví;servicios;Resuelta;OTP-OFICINA TECNICA DE PREVENCION SL;456;https://contrataciondelestado.es/wps/poc?uri=deeplink:detalle_licitacion&idEvl=6duF3ekWTa6qb7rCcv76BA%3D%3D
Contratos menores;Propuesta de gastos adquisición trofeos Volta a peu;Alcaldía del Ayuntamiento de Cullera;suministros;Resuelta;Trofeos y Medallas Deportivas, S.L.;448,9;https://contrataciondelestado.es/wps/poc?uri=deeplink:detalle_licitacion&idEvl=wgG1tDdRuCf%2Fa9DgO%2BoYKQ%3D%3D
Contratos menores;CM_Servicio de mantenimiento y potenciómetro del coche municipal matricula 9661gdg;Alcaldia del Ayuntamiento de Arroyo de la Encomienda;servicios;Resuelta;ANGEL ALFREDO GARCIA PEREZ;437,01;https://contrataciondelestado.es/wps/poc?uri=deeplink:detalle_licitacion&idEvl=GaouHKD%2F3S1SYrkJkLlFdw%3D%3D
Contratos menores;CM_Servicio de reparación del vehículo municipal matrícula 8231GSN;Alcaldia del Ayuntamiento de Arroyo de la Encomienda;servicios;Resuelta;ANGEL ALFREDO GARCIA PEREZ;432,9;https://contrataciondelestado.es/wps/poc?uri=deeplink:detalle_licitacion&idEvl=ttZgSzFMDXHVGIpKDxgsAQ%3D%3D
Contratos menores;FM26 Adquisició d'aigua i refrescos per a operatius FM26 Port de Catarroja;Alcaldía del Ayuntamiento de Catarroja;suministros;Resuelta;Catarroja Market S.L.;425,18;https://contrataciondelestado.es/wps/poc?uri=deeplink:detalle_licitacion&idEvl=VyL%2Bs8B1jXhVYjgxA4nMUw%3D%3D
Contratos menores;Impresión y suministro programas de mano conciertos musicales septiembre 2026;Alcaldía del Ayuntamiento de Cullera;suministros;Resuelta;SERGIO GOMEZ GARCIA;410;https://contrataciondelestado.es/wps/poc?uri=deeplink:detalle_licitacion&idEvl=vVziDEdNGw3jHF5qKI4aaw%3D%3D
Contratos menores;P.G. servicio producción actuación danza Circuit Cultural Valencià;Alcaldía del Ayuntamiento de Cullera;servicios;Resuelta;CHOFRE PRODUCCIONS SL;380;https://contrataciondelestado.es/wps/poc?uri=deeplink:detalle_licitacion&idEvl=juf5kDagsNgkJPJS%2BPS9vg%3D%3D
Contratos menores;CM Suministro Material limpieza final de año;Alcaldía del Ajuntament de Moncada;suministros;Resuelta;MADELIM VALENCIA SOCIEDAD ANONIMA;361,16;https://contrataciondelestado.es/wps/poc?uri=deeplink:detalle_licitacion&idEvl=xLnwb%2FsH3Wm2gkLQ8TeYKA%3D%3D
Contratos menores;Contrato menor baños portátiles septiembre 2026;Alcaldía del Ayuntamiento de Losa del Obispo;servicios;Resuelta;VERDEJO SOLUCIONES SL;360;https://contrataciondelestado.es/wps/poc?uri=deeplink:detalle_licitacion&idEvl=lFaIEsIXA6JxseVhcqrkhw%3D%3D
Contratos menores;Contrato menor de suministro material de anclaje y sujeción para cuadros Sala de Exposiciones del Centro Cívico.;Alcaldía del Ayuntamiento de Sagunto;suministros;Resuelta;CRISTALERIA CEREZUELA S.L.;352;https://contrataciondelestado.es/wps/poc?uri=deeplink:detalle_licitacion&idEvl=BuuwYxOC5CJVYjgxA4nMUw%3D%3D
Contratos menores;Contratación tenor solista para interpretación Himno Regional el 9 de octubre;Alcaldía del Ayuntamiento de Godella;servicios;Resuelta;PASCUAL VICENT ANDREU NAVARRO;350;https://contrataciondelestado.es/wps/poc?uri=deeplink:detalle_licitacion&idEvl=aUB3nsBRTISOUi78BmzhOQ%3D%3D
Contratos menores;Alquiler generador 'Nit Estellés';Alcaldía del Ayuntamiento de Quart de Poblet;servicios;Resuelta;SUPROVAL 1 SL;346,28;https://contrataciondelestado.es/wps/poc?uri=deeplink:detalle_licitacion&idEvl=1tofJl6nxfUtm4eBPtV6eQ%3D%3D
Contratos menores;Adquiriendo embutidos para Concurso de Disfraces de PeñasFest;Alcaldia del Ayuntamiento de Arroyo de la Encomienda;suministros;Resuelta;CARNICAS LA FLECHA SL;335;https://contrataciondelestado.es/wps/poc?uri=deeplink:detalle_licitacion&idEvl=gQN7EgtjdNLN3k3tjedSGw%3D%3D
Contratos menores;Proposta de gastos per a la adquisició de Tassa 9 d'Octubre;Alcaldía del Ayuntamiento de Cullera;suministros;Resuelta;SUPPLIES & TECHNOLOGIES SL;332,5;https://contrataciondelestado.es/wps/poc?uri=deeplink:detalle_licitacion&idEvl=A9qfJXmxEhv%2Fa9DgO%2BoYKQ%3D%3D
Contratos menores;Propuesta Gastos Derechos de Uso de Marca Q Calidad Turística 2026. Oficina información turística;Alcaldía del Ayuntamiento de Cullera;servicios;Resuelta;Instituto Para la Calidad Turistica Española;312;https://contrataciondelestado.es/wps/poc?uri=deeplink:detalle_licitacion&idEvl=GM%2FQL67uajXXOjazN1Dw9Q%3D%3D
Contratos menores;CM_Suministro de arena y cal muerta para obras municipales;Alcaldia del Ayuntamiento de Arroyo de la Encomienda;suministros;Resuelta;Barro-Gres Yesos Valladolid S.L.;302,44;https://contrataciondelestado.es/wps/poc?uri=deeplink:detalle_licitacion&idEvl=r9j3MAbj%2BjGP66GS%2BONYvQ%3D%3D
Contratos menores;Revisión y posterior arreglo de los cables de luz de la casa de la cultura;Alcaldía del Ayuntamiento de Almàssera;servicios;Resuelta;JOSE BARCELO LANZUELA;300;https://contrataciondelestado.es/wps/poc?uri=deeplink:detalle_licitacion&idEvl=6wSCjvwr5idVYjgxA4nMUw%3D%3D
Contratos menores;Contrato menor de servicios artísticos actividad de cuentacuentos Bibliotecas mes de octubre 2026;Alcaldía del Ayuntamiento de Sagunto;servicios;Resuelta;LILIANA CONSTANZA ARIAS SALGADO;300;https://contrataciondelestado.es/wps/poc?uri=deeplink:detalle_licitacion&idEvl=RRrmjure7bC8ebB%2FXTwy0A%3D%3D
Contratos menores;Ambulancia nit d´animes 2026;Alcaldía del Ayuntamiento de Quart de Poblet;servicios;Resuelta;AMBULANCIAS AUTONOMAS, S.L.;300;https://contrataciondelestado.es/wps/poc?uri=deeplink:detalle_licitacion&idEvl=1tofJl6nxfVVq4S9zvaQpQ%3D%3D
Contratos menores;Contrato menor de suministro de EPIS (vestuario algodón 100%) para el servicio de soldadura de ESPAI;Presidencia de la Empresa de Servicis de Paiporta (ESPAI);suministros;Resuelta;Raúl Lozano De Vicente;269,9;https://contrataciondelestado.es/wps/poc?uri=deeplink:detalle_licitacion&idEvl=dMZQNa%2FkpmmIzo3LHNPGcQ%3D%3D
Contratos menores;Sanitarios nit d´animes 2026;Alcaldía del Ayuntamiento de Quart de Poblet;servicios;Resuelta;TOI TOI SANITARIOS MOVILES S.A;268,2;https://contrataciondelestado.es/wps/poc?uri=deeplink:detalle_licitacion&idEvl=CDiXijiffryGCFcHcNGIlQ%3D%3D
Contratos menores;4 baterias y un hub de carga para drones;Alcaldia del Ayuntamiento de Arroyo de la Encomienda;suministros;Resuelta;José Luis (Ibericadron) Gago Llover;257,31;https://contrataciondelestado.es/wps/poc?uri=deeplink:detalle_licitacion&idEvl=g2smjFfqrDZ%2FP7lJ7Fu0SA%3D%3D
Contratos menores;Propuesta de gastos servicio speaker Volta a peu;Alcaldía del Ayuntamiento de Cullera;servicios;Resuelta;AMBITS SOCIALS SL;256,36;https://contrataciondelestado.es/wps/poc?uri=deeplink:detalle_licitacion&idEvl=fPSsd4mKmq%2Fi0Kd8%2Brcp6w%3D%3D
Contratos menores;Alquiler WC Nit Estellés;Alcaldía del Ayuntamiento de Quart de Poblet;servicios;Resuelta;VERDEJO SOLUCIONES SL;250;https://contrataciondelestado.es/wps/poc?uri=deeplink:detalle_licitacion&idEvl=rOVgSaCKsliExvMJXBMHHQ%3D%3D
Contratos menores;"Contrato menor suministro reposición material prácticas limpieza E.T. ""Paiporta Urban Net2. FESTA/2025/14/46""";Alcaldía del Ayuntamiento de Paiporta;suministros;Resuelta;FERRETEBIEN SL;237,4;https://contrataciondelestado.es/wps/poc?uri=deeplink:detalle_licitacion&idEvl=rxvkTmXdnoPgL1BHd3qjQA%3D%3D
Contratos menores;Redacción plan de actuación emergencias marcha 1 octubre;Alcaldía del Ayuntamiento de Sagunto;servicios;Resuelta;AVANZA ESTUDIO TECNICO SL;225;https://contrataciondelestado.es/wps/poc?uri=deeplink:detalle_licitacion&idEvl=HjLriaoBEF94zIRvjBVCSw%3D%3D
Contratos menores;CM_Servicio de cambio de neumáticos coche municipal matricula 9071mcm;Alcaldia del Ayuntamiento de Arroyo de la Encomienda;servicios;Resuelta;MARCOS PRIETO PALOMERO;214,88;https://contrataciondelestado.es/wps/poc?uri=deeplink:detalle_licitacion&idEvl=twweKFoDQ2%2FIGlsa0Wad%2Bw%3D%3D
Contratos menores;Propuesta de gastos adquisición trofeus.;Alcaldía del Ayuntamiento de Cullera;suministros;Resuelta;MARIA JOSE ALAPONT CORTS;203,42;https://contrataciondelestado.es/wps/poc?uri=deeplink:detalle_licitacion&idEvl=n0dgbsu3IucXhk1FZxEyvw%3D%3D
Contratos menores;CM_ Suministro de contenedor de arena lavada;Alcaldia del Ayuntamiento de Arroyo de la Encomienda;suministros;Resuelta;CONTENEDORES CASTRO SL;200,35;https://contrataciondelestado.es/wps/poc?uri=deeplink:detalle_licitacion&idEvl=44SrJi6kkoJ%2FP7lJ7Fu0SA%3D%3D
Contratos menores;Contratando actor para representar llegada de Heraldo Real.;Alcaldia del Ayuntamiento de Arroyo de la Encomienda;servicios;Resuelta;Joaquín Sancho Rodríguez;200;https://contrataciondelestado.es/wps/poc?uri=deeplink:detalle_licitacion&idEvl=fg50wvVQMbweIBJRHQiPkQ%3D%3D
Contratos menores;"Contracte menor: Conferència ""Gent de trellat"" (Gil Manuel Hernández Martí)";Alcaldía del Ayuntamiento de Sagunto;servicios;Resuelta;GIL MANUEL HERNANDEZ MARTI;200;https://contrataciondelestado.es/wps/poc?uri=deeplink:detalle_licitacion&idEvl=NWR89qVWybIIYE3ZiZ%2BxmQ%3D%3D
Contratos menores;Reparación persiana puerta acceso Centro Trenquem Barreres;Alcaldía del Ayuntamiento de Quart de Poblet;servicios;Resuelta;JUAN ALEJANDRO GONZALEZ ENGUIDANOS;200;https://contrataciondelestado.es/wps/poc?uri=deeplink:detalle_licitacion&idEvl=hgOckRCe6cotm4eBPtV6eQ%3D%3D
Contratos menores;Suministro de tarjetas de 50x80 mm, y de 105x148 mm;Alcaldía del Ayuntamiento de Cullera;suministros;Resuelta;FERNANDO RAMON ANDRES BRIVA;186,5;https://contrataciondelestado.es/wps/poc?uri=deeplink:detalle_licitacion&idEvl=%2BqWPyxGsj1ezz8fXU2i3eQ%3D%3D
Contratos menores;CM_ suministro pistón bomba bt 60 gasolina Amaq elevación S.L;Alcaldia del Ayuntamiento de Arroyo de la Encomienda;suministros;Resuelta;AMAQ ELEVACION SL;183,75;https://contrataciondelestado.es/wps/poc?uri=deeplink:detalle_licitacion&idEvl=EMtWIk0dCrtVq4S9zvaQpQ%3D%3D
Contratos menores;Adquiriendo corchera para Hogar del Jubilado.;Alcaldia del Ayuntamiento de Arroyo de la Encomienda;suministros;Resuelta;Juan Carlos (Suministros Integrales Salgado CyL) Salgado Sarmentero;178,84;https://contrataciondelestado.es/wps/poc?uri=deeplink:detalle_licitacion&idEvl=UT1OfYYFIK2P66GS%2BONYvQ%3D%3D
Contratos menores;Propuesta de gastos reparación puerta exterior CME;Alcaldía del Ayuntamiento de Cullera;servicios;Resuelta;GEZE Iberia, S.R.L.;170,43;https://contrataciondelestado.es/wps/poc?uri=deeplink:detalle_licitacion&idEvl=SaANEsEwoyaopEMYCmrbmw%3D%3D
Contratos menores;CM_suministro pintura para elementos metálicos. colegio Raimundo de Blas.;Alcaldia del Ayuntamiento de Arroyo de la Encomienda;suministros;Resuelta;DECORACION Y PINTURAS JOSE HERRADOR SL;167,61;https://contrataciondelestado.es/wps/poc?uri=deeplink:detalle_licitacion&idEvl=d6lp%2BOu5m7pWhbmkna2nXQ%3D%3D
Contratos menores;Propuesta de gastos suscripción anual Levante-EMV;Alcaldía del Ayuntamiento de Cullera;servicios;Resuelta;EDITORIAL PRENSA VALENCIANA SA;163,41;https://contrataciondelestado.es/wps/poc?uri=deeplink:detalle_licitacion&idEvl=efkbcbDg5%2BK9Hd5zqvq9cg%3D%3D
Contratos menores;Proposta de despeses subministre moqueta per al acte del 9 d'Octubre;Alcaldía del Ayuntamiento de Cullera;suministros;Resuelta;PINTURAS FRAYCAR, S.L.;161,34;https://contrataciondelestado.es/wps/poc?uri=deeplink:detalle_licitacion&idEvl=A4WsztftNT%2Fua%2Fi14w%2FPLA%3D%3D
Contratos menores;Atenció sanitària per al campionat scooter;Alcaldía del Ayuntamiento de Cullera;servicios;Resuelta;LAROYAN SL;160;https://contrataciondelestado.es/wps/poc?uri=deeplink:detalle_licitacion&idEvl=eY%2Bg%2FU0Yubv10HRJw8TEnQ%3D%3D
Contratos menores;"Contracte menor participació en la ""Roda de contes"" el 17 d'octubre dins del Festival Món de Contes (Oscar Mora) 2026-OFI";Alcaldía del Ayuntamiento de Paiporta;servicios;Resuelta;OSCAR MIGUEL MORA GONEZ;150;https://contrataciondelestado.es/wps/poc?uri=deeplink:detalle_licitacion&idEvl=h15ZCGLDesC8ebB%2FXTwy0A%3D%3D
Contratos menores;"Contracte menor participació en la ""Roda de contes"" el 17 d'octubre dins del Festival Món de Contes (Paula Carbonell) 2026-OFI";Alcaldía del Ayuntamiento de Paiporta;servicios;Resuelta;PAULA BEATRIZ CARBONELL PENICHET;150;https://contrataciondelestado.es/wps/poc?uri=deeplink:detalle_licitacion&idEvl=vLlIU0Mch%2F6FQ%2FlhRK79lA%3D%3D
Contratos menores;"Contracte menor participació en la ""Roda de contes"" el 17 d'octubre dins del Festival Món de Contes (Vicente Cortés) 2026-OFI";Alcaldía del Ayuntamiento de Paiporta;servicios;Resuelta;VICENTE CORTES GAMIZ;150;https://contrataciondelestado.es/wps/poc?uri=deeplink:detalle_licitacion&idEvl=XhORXw34WmlVYjgxA4nMUw%3D%3D
Contratos menores;"Contracte menor participació ""Roda de contes"" el 17 d'octubre dins del Festival Món de Contes 2026(Eva Andújar)-OFI";Alcaldía del Ayuntamiento de Paiporta;servicios;Resuelta;EVA ANDUJAR RICO;150;https://contrataciondelestado.es/wps/poc?uri=deeplink:detalle_licitacion&idEvl=zhVtqKGQPuz10HRJw8TEnQ%3D%3D
Contratos menores;"Contracte menor participació ""Roda de contes"" el 17 d'octubre dins del Festival Món de Contes 2026(Anna Ballester)-OFI";Alcaldía del Ayuntamiento de Paiporta;servicios;Resuelta;ANNA BALLESTER MARCO;150;https://contrataciondelestado.es/wps/poc?uri=deeplink:detalle_licitacion&idEvl=lYkqyTTgDfE7u6%2B%2FR7DUoA%3D%3D
Contratos menores;CM_ Suministro pintura colegio Kantica pinturas José Herrador;Alcaldia del Ayuntamiento de Arroyo de la Encomienda;suministros;Resuelta;DECORACION Y PINTURAS JOSE HERRADOR SL;144,6;https://contrataciondelestado.es/wps/poc?uri=deeplink:detalle_licitacion&idEvl=fg50wvVQMby9Hd5zqvq9cg%3D%3D
Contratos menores;Contrato menor pasacables salón de plenos;Presidencia de la Mancomunidad La Serranía;servicios;Resuelta;JESUS MUÑOZ MIRALLES;143;https://contrataciondelestado.es/wps/poc?uri=deeplink:detalle_licitacion&idEvl=ogA27EFUOlbjHF5qKI4aaw%3D%3D
Contratos menores;Adquisición trofeos campeonatos Festes Mareny de Sant Llorenç 2026;Alcaldía del Ayuntamiento de Cullera;suministros;Resuelta;FRANCISCO JAVIER GARCIA DONAT;141,6;https://contrataciondelestado.es/wps/poc?uri=deeplink:detalle_licitacion&idEvl=R7mEQAp53NP9pbnDwlaUlg%3D%3D
Contratos menores;CM_Mano de obra campo carretilla y 1 salida de vehículo;Alcaldia del Ayuntamiento de Arroyo de la Encomienda;servicios;Resuelta;TALLERES CASTYL 12, S.L.;126;https://contrataciondelestado.es/wps/poc?uri=deeplink:detalle_licitacion&idEvl=EMtWIk0dCru9Hd5zqvq9cg%3D%3D
Contratos menores;CM_servicio de asistencia técnica por aviso de avería o alarma en casa de la música. Crespo comercia;Alcaldia del Ayuntamiento de Arroyo de la Encomienda;servicios;Resuelta;CRESPO COMERCIAL ESPANOLA DE PROTECCION S.L.;90;https://contrataciondelestado.es/wps/poc?uri=deeplink:detalle_licitacion&idEvl=IDFqaT4LMDm5HQrHoP3G5A%3D%3D
Contratos menores;Proposta de despeses de lloguer de grup electrògen per a inauguració de l'Espai Jove;Alcaldía del Ayuntamiento de Cullera;suministros;Resuelta;MARTIN FERNANDEZ REAL;90;https://contrataciondelestado.es/wps/poc?uri=deeplink:detalle_licitacion&idEvl=CSNWMjS20kLL1rX3q%2FMAPA%3D%3D
Contratos menores;Proposta de despesa trasllat en taxi usuari RR.M.;Alcaldía del Ayuntamiento de Cullera;servicios;Resuelta;ALEJANDRO GOMEZ PERPIÑA;85,94;https://contrataciondelestado.es/wps/poc?uri=deeplink:detalle_licitacion&idEvl=KgwQwdjENZedkQsA7ROvsg%3D%3D
Contratos menores;CM_ Servicio cambio de aceite del generador Energy jaca . Exclusivas Maor S.L.;Alcaldia del Ayuntamiento de Arroyo de la Encomienda;servicios;Resuelta;EXCLUSIVAS MAOR, SL;83,28;https://contrataciondelestado.es/wps/poc?uri=deeplink:detalle_licitacion&idEvl=Y%2BoWMXyF%2F0xPpzdqOdhuWg%3D%3D
Contratos menores;Adquisición roll up para la celebración de actos o eventos institucionales o de comunicación.;Alcaldía del Ayuntamiento de Picassent;suministros;Resuelta;GRAFI VAL IMPRESORES SA;80;https://contrataciondelestado.es/wps/poc?uri=deeplink:detalle_licitacion&idEvl=CKz6dCsr1ya8ebB%2FXTwy0A%3D%3D
Contratos menores;Proposta de despesa trasllat en taxi usuari JD.CH.;Alcaldía del Ayuntamiento de Cullera;servicios;Resuelta;ALEJANDRO GOMEZ PERPIÑA;79,03;https://contrataciondelestado.es/wps/poc?uri=deeplink:detalle_licitacion&idEvl=xAf0nfTFNOMmMOlAXxDEjw%3D%3D
Contratos menores;Adquisición tres certificados empleado público en soporte físico.;Alcaldía del Ayuntamiento de Manises;suministros;Resuelta;INFRAESTRUCTURES I SERVEIS DE TELECOMUNICACIONS I CERTIFICACIO SAU;73,65;https://contrataciondelestado.es/wps/poc?uri=deeplink:detalle_licitacion&idEvl=fbHtoWWHxtnECtSnloz%2BZQ%3D%3D
Contratos menores;Redes canastas colegios;Alcaldia del Ayuntamiento de Arroyo de la Encomienda;suministros;Resuelta;MONDO IBERICA, S.A.U.;68,9;https://contrataciondelestado.es/wps/poc?uri=deeplink:detalle_licitacion&idEvl=44SrJi6kkoLN3k3tjedSGw%3D%3D
Contratos menores;Suministro tela para escultura;Alcaldía del Ayuntamiento de Quart de Poblet;suministros;Resuelta;IRENE TORRALBA MUNOZ;59,92;https://contrataciondelestado.es/wps/poc?uri=deeplink:detalle_licitacion&idEvl=BreF%2FmjrHNrCfVQHDepjGQ%3D%3D
Contratos menores;CM_ servicio de salida para corte de agua calle dulzaina 25/8;Alcaldia del Ayuntamiento de Arroyo de la Encomienda;servicios;Resuelta;AQUONA, GESTIÓN DE AGUA S.A.U.;54,41;https://contrataciondelestado.es/wps/poc?uri=deeplink:detalle_licitacion&idEvl=s8ghcdhmTjvE6P%2FuLemXRw%3D%3D
Contratos menores;CM_servicio de salida para corte de agua en c/ dulzaina;Alcaldia del Ayuntamiento de Arroyo de la Encomienda;servicios;Resuelta;AQUONA, GESTIÓN DE AGUA S.A.U.;54,41;https://contrataciondelestado.es/wps/poc?uri=deeplink:detalle_licitacion&idEvl=n9d53oi5RHSFlFRHfEzEaw%3D%3D
Contratos menores;Ampliació FM26 Disseny, maquetació i impressió de les invitacions per a la NIT ESTELLÉS 2026;Alcaldía del Ayuntamiento de Catarroja;servicios;Resuelta;PAULA MARIA VAZQUEZ ALIQUES;52,2;https://contrataciondelestado.es/wps/poc?uri=deeplink:detalle_licitacion&idEvl=4apswkh86AN70UvEyYJSGw%3D%3D
Contratos menores;CM_ Servicio asistencia técnica por aviso de alarma casa consistorial. Crespo comercial;Alcaldia del Ayuntamiento de Arroyo de la Encomienda;servicios;Resuelta;CRESPO COMERCIAL ESPANOLA DE PROTECCION S.L.;48;https://contrataciondelestado.es/wps/poc?uri=deeplink:detalle_licitacion&idEvl=d6lp%2BOu5m7qcTfjQf3USOg%3D%3D
Contratos menores;Propuesta de gastos prestación de servicio reparación cañón de riego;Alcaldía del Ayuntamiento de Cullera;servicios;Resuelta;RIEGOS POUS SL;43,95;https://contrataciondelestado.es/wps/poc?uri=deeplink:detalle_licitacion&idEvl=E0XHvhCjRK7gL1BHd3qjQA%3D%3D
Contratos menores;Suministro placas y reposición;Alcaldía del Ayuntamiento de Quart de Poblet;suministros;Resuelta;ESTUDIO HYO COMUNICACION SL;38,69;https://contrataciondelestado.es/wps/poc?uri=deeplink:detalle_licitacion&idEvl=mPgxDsJPKPrECtSnloz%2BZQ%3D%3D
Contratos menores;Propuesta de gastos adquisición Conectores alimentación cetac 32A para nuevo CPD CC;Alcaldía del Ayuntamiento de Cullera;suministros;Resuelta;SONEPAR SPAIN, S.A.;21,57;https://contrataciondelestado.es/wps/poc?uri=deeplink:detalle_licitacion&idEvl=0EnuBQnk91caF6cS8TCh%2FA%3D%3D
Contratos menores;C. Menor servicio de catering comedor curso 2026/2027;Alcaldía del Ayuntamiento de Losa del Obispo;servicios;Resuelta;TAMAR LAS ARENAS SA;0;https://contrataciondelestado.es/wps/poc?uri=deeplink:detalle_licitacion&idEvl=JszZxJcPZ5qcTfjQf3USOg%3D%3D
