Tipo;Título;Órgano;Tipo;Estado;Plazo hasta;Adjudicatario;Importe (€);Enlace
Licitaciones;Suministro de vehículos con destino al Servicio de Prevención, Extinción de Incendios y Salvamento de la Diputación Foral de Bizkaia;Diputación Foral de Bizkaia-Diputado General;suministros;En plazo;13/10/2026;;2145913,22;https://www.contratacion.euskadi.eus/webkpe00-kpeperfi/es/contenidos/anuncio_contratacion/expgebizkaia3596096/es_doc/index.html
Licitaciones;Servicios para la infancia (ludoteca), para la adolescencia (gazteleku) y servicio de acompañamiento en el municipio de Elgoibar;Ayuntamiento de Elgoibar-Alcaldesa;servicios;En plazo;26/10/2026;;475060;https://www.contratacion.euskadi.eus/webkpe00-kpeperfi/es/contenidos/anuncio_contratacion/expjaso743213/es_doc/index.html
Licitaciones;Gestión de los cursos municipales de Gimnasia Aeróbica Moderna dentro del programa municipal Citius, Longaevus, Fortius 2026-2027;Junta de Gobierno Local;servicios;En plazo;02/10/2026;;183706,75;https://hacienda.navarra.es/sicpportal/mtoAnunciosModalidad.aspx?cod=260827143804F18D641D
Licitaciones;Asesoramiento y tramitación laboral y social;Fundación Donostia International Physics Center-Director;servicios;En plazo;26/10/2026;;37688,39;https://www.contratacion.euskadi.eus/webkpe00-kpeperfi/es/contenidos/anuncio_contratacion/expjaso743817/es_doc/index.html
Adjudicaciones;Patrocini de les retransmissions en directe i en diferit del Concurs de Salts Internacional Oficial de BARCELONA 2026 (CSIO) que se celebrarà de l'1 al 4 d'octubre de 2026, a les instal·lacions del Reial Club de Polo de Barcelona, mitjançant els diferents canals i plataformes digitals amb cobertura nacional i internacional fins al 15 de desembre de 2026, i altres activitats del patrocini, per raons d'exclusivitat.;Departament d'Esports;servicios;Adjudicada;;Fundació Reial Club de Polo de Barcelona;709090,91;https://contractaciopublica.cat/ca/detall-publicacio/c81b63d2-ea0d-4c54-8fc3-b24c4221ec3a/300892617
Adjudicaciones;3ª LICITACIÓN DERIVADA DEL ACUERDO MARCO DE COORDINACIÓN DE SEGURIDAD Y SALUD. Servicios profesionales de Coordinación de Seguridad y Salud en las promociones: Lote 1 A-051: 92 VPOA Salburua Sector 13 RCP 30, Vitoria 92 VPOA Lote 2: A-052 66 VS Salburua Sector 12 RCP 7.1, Vitoria Lote 3: G-080 190 VPOA Ámbito A.I.U 22 “San Juan”. Parcelas a.40.6 y a.40.7, Ordizia Lote 4: G-086 80 VPOA Ama Kandida, Andoain Lote 5: G-087 36 VPOA Mendipe, Irun;VISESA - Vivienda y Suelo de Euskadi, S.A.-Director/a General de VISESA;servicios;Resuelta;;BSP SERVICIOS DE CONSULTORIA TECNICA, S.L, BATEGIN, S.L.P.;199629,77;https://www.contratacion.euskadi.eus/webkpe00-kpeperfi/es/contenidos/anuncio_contratacion/expjaso731927/es_doc/index.html
Adjudicaciones;Servicio integral de pista de hielo en el parque de la Florida de Vitoria-Gasteiz. navidad 2026/29;Ayuntamiento de Vitoria-Gasteiz-Junta de Gobierno Local;servicios;Adjudicada;;ESKA ESPACIOS Y EVENTOS, SL;148760,34;https://www.contratacion.euskadi.eus/webkpe00-kpeperfi/es/contenidos/anuncio_contratacion/expjaso718341/es_doc/index.html
Otros anuncios;Serveis de gestió de la Fira 'Mercat de l'Oli Nou i la Mel' de Barcelona. El servei inclou la conceptualització, el disseny, la producció tècnica i la gestió de la Fira.;Promotora d'Exportacions Catalanes, SA;servicios;Pendiente de adjudicación;;—;;https://contractaciopublica.cat/ca/detall-publicacio/2c8460f3-9259-4596-b5bd-37420e4f5d28/300892683
Otros anuncios;L’objecte de la present contractació és la prestació del servei d’assegurança per a la cobertura dels riscos de la Fundació Institut Hospital del Mar d’Investigacions Mèdiques (Fundació IMIM), mitjançant la subscripció de les pòlisses corresponents als lots que integren la present licitació.;Fundació Institut Hospital del Mar d'Investigacions Mèdiques;servicios;Pendiente de adjudicación;;—;;https://contractaciopublica.cat/ca/detall-publicacio/996be307-2218-4b42-8c45-d8133b763c6e/300892654
