Tipo;Título;Órgano;Código BDNS;Finalidad;Región;Plazo hasta;Importe (€);Enlace
Convocatorias;Bases y convocatoria por las que se regulan los anticipos financieros reintegrables destinados a atender necesidades transitorias de tesorería de los municipios y entidades locales autónomas de la provincia de Sevilla. SAD Dependencia;DIPUTACIÓN PROV. DE SEVILLA;932565;Servicios Sociales y Promoción Social;Sevilla;—;20000000;https://sedeelectronicadipusevilla.es/tablon-1.0/servlet/obtenerDocumentoUrlPermanente?pid=3783f2ce4bb4b0448920ae66cf2b29e8d23bfb3964cfcd17ad4f7a5f15679a7cf510c67b5bf2bda9
Convocatorias;Resolución de 29 de septiembre de 2026, de la Dirección General de Empresas, por la que se aprueba la convocatoria de ayudas para el fomento de la puesta en marcha de nuevos establecimientos industriales, para el ejercicio 2026.;CASTILLA-LA MANCHA;932454;Comercio, Turismo y Pymes;CASTILLA LA MANCHA;—;6000000;https://docm.jccm.es/docm/descargarArchivo.do?ruta=2026/08/03/pdf/2026_5788.pdf&tipo=rutaDocm
Convocatorias;Subvención directa nominativa en especie al Consorcio de Aguas de la Sierra Sur, para la mejora de la estación de bombeo de agua potable, mediante la construcción de un nuevo depósito y la instalación de sistema antiarete, en el término municipal de Osuna;DIPUTACIÓN PROV. DE SEVILLA;932436;Infraestructuras;Sevilla;23/09/2026;4124388,6;https://bopsevilla.dipusevilla.es/export/sites/bop/.galleries/Documentos-Anuncios-en-PDF/firmado-1790636420847-final-167083b5.pdf
Convocatorias;ORDEN 9/2025, de 2 de octubre, de la Conselleria de Medio Ambiente, Infraestructuras y Territorio, por la que se establecen las bases reguladoras aplicables a las intervenciones en materia forestal. MAFOGF;COMUNITAT VALENCIANA;932484;Agricultura, Pesca y Alimentación;COMUNIDAD VALENCIANA;05/10/2026;4030276,7;https://dogv.gva.es/es/resultat-dogv?signatura=2025/43307
Convocatorias;ORDEN 9/2025, de 2 de octubre, de la Conselleria de Medio Ambiente, Infraestructuras y Territorio, por la que se establecen las bases reguladoras aplicables a las intervenciones en materia forestal. MAFOMA;COMUNITAT VALENCIANA;932481;Agricultura, Pesca y Alimentación;COMUNIDAD VALENCIANA;05/10/2026;2015810,7;https://dogv.gva.es/es/resultat-dogv?signatura=2025/43307
Convocatorias;Resolución nº 2026000939 de fecha 28/09/2026 de la Consejería de Cultura, Patrimonio Cultural y Del Mayor por la que se convoca la CONVOCATORIA PÚBLICA PARA LA CONCESIÓN, EN RÉGIMEN DE CONCURRENCIA COMPETITIVA, DE LAS PLAZAS DE VIAJES OCIO MAYORES 2026;CIUDAD AUTÓNOMA DE MELILLA;932438;Cultura;Melilla;—;1159933,3;https://bomemelilla.es/
Convocatorias;ORDEN 9/2025, de 2 de octubre, de la Conselleria de Medio Ambiente, Infraestructuras y Territorio, por la que se establecen las bases reguladoras aplicables a las intervenciones en materia forestal. MAFOIT;COMUNITAT VALENCIANA;932487;Agricultura, Pesca y Alimentación;COMUNIDAD VALENCIANA;05/10/2026;1076442,74;https://dogv.gva.es/es/resultat-dogv?signatura=2025/43307
Convocatorias;Resolución de la Presidencia de la AVSRE, por la que se aprueban las bases reguladoras para la concesión de ayudas destinadas a la implantación y mantenimiento de la operatividad de planes de emergencia municipales para 2026;COMUNITAT VALENCIANA;932561;Investigación, desarrollo e innovación;COMUNIDAD VALENCIANA;13/10/2026;1000000;https://dogv.gva.es/es/eli/es-vc/l/2015/02/06/1/
Convocatorias;CONVOCATORIA INSTRUMENTAL SICA 2026 Programa de Cooperación Regional España SICA (PCRES);MINISTERIO DE ASUNTOS EXTERIORES, UNIÓN EUROPEA Y COOPERACIÓN;932748;Cooperación internacional para el desarrollo y cultural;TODO EL MUNDO;31/12/2026;1000000;https://www.boe.es/diario_boe/txt.php?id=BOE-A-2025-4821
Convocatorias;CONVENIO DE COLABORACIÓN ENTRE LA AGENCIA DE TURISMO DE GALICIA Y EL AYUNTAMIENTO DE RIBADEO PARA LA ADQUISICIÓN Y REHABLITACIÓN DE LA CASA MASEDA COMO OFICINA DE INFORMACIÓN TURÍSTICA;GALICIA;932424;Comercio, Turismo y Pymes;GALICIA;—;877077,2;https://convenios.xunta.gal/consultaconvenios/busqueda-convenio?locale=es
Convocatorias;ORDEN DE LA CONSEJERÍA DE TURISMO, CULTURA Y DEPORTES POR LA QUE SE AUTORIZA EL GASTO Y SE APRUEBA LA CONVOCATORIA DE SUBVENCIONES EN RÉGIMEN DE ESPECIAL CONCURRENCIA DESTINADAS A MEJORAS DE INFRAESTRUCTURAS EN ALOJAMIENTOS TURÍSTICOS PRIVADOS DE LA REGIÓ;REGIÓN DE MURCIA;932495;Comercio, Turismo y Pymes;REGION DE MURCIA;—;828000;https://www.borm.es/#/home
Convocatorias;Convocatoria de las subvenciones destinadas a las inversiones forestales;COMUNIDAD FORAL DE NAVARRA;932518;Cooperación internacional para el desarrollo y cultural;COMUNIDAD FORAL DE NAVARRA;09/11/2026;579990;http://www.navarra.es
Convocatorias;CONVENIO ENTRE EL MICIU Y EL INTA “ESTEBAN TERRADAS” PARA LA EJECUCIÓN DEL PROYECTO “LABELLING”- FINALIZACIÓN DE LA FASE DE OBTENCIÓN DE LA ETIQUETA COMO EL NODO ACTRIS E ICOS EN ANDALUCÍA (ESAt-El Arenosillo, Mazagón, Huelva), COFINANCIADO POR FEDER;MINISTERIO DE CIENCIA, INNOVACIÓN Y UNIVERSIDADES;932665;Investigación, desarrollo e innovación;Huelva;—;526416,43;https://www.boe.es/doue/2021/231/L00060-00093.pdf
Convocatorias;ORDEN DE 30 DE SEPTIEMBRE DE 2026, POR LA QUE SE CONVOCAN SUBVENCIONES EN EL AMBITO DE IGUALDAD DE TRATO Y NO DISCRIMINACION, 2026;ARAGÓN;932706;Servicios Sociales y Promoción Social;ARAGON;19/10/2026;516000;https://www.boa.aragon.es/cgi-bin/EBOA/BRSCGI?CMD=VEROBJ&MLKOB=1290411820303
Convocatorias;CONVOCATORIA DE AYUDAS ECONÓMICAS AL MANTENIMIENTO Y REHABILITACIÓN DE EDIFICIOS EN EL CONJUNTO HISTÓRICO DE CÓRDOBA, CONCEDIDAS POR EL AYUNTAMIENTO A TRAVÉS DE VIVIENDAS MUNICIPALES DE CÓRDOBA S.A. “VIMCORSA”. ANUALIDAD 2026.;CÓRDOBA;932606;Acceso a la vivienda y fomento de la edificación;Córdoba;—;360982,48;https://www.vimcorsa.com
Convocatorias;Acuerdo de Junta de Castilla y León de 10 de septiembre de 2026 por el que se autoriza la concesión directa de una subvención a la Fundación Secretariado Gitano para financiar en el 2027 la ejecución de los proyectos ACCEDER JOVEN, APRENDER TRABAJANDO Y E;CASTILLA Y LEÓN;932496;Desempleo;Burgos, León, Palencia, Salamanca, Valladolid, Zamora;—;350000;https://gobierno.jcyl.es/web/jcyl/Gobierno/es/Plantilla100/1131978226721/_/_/_
Convocatorias;Subvención nominativa al Ayuntamiento de Barberà de la Conca para el arreglo de los daños causados por la grieta en todo el municipio;CATALUÑA;932456;Otras actuaciones de carácter económico;CATALUÑA;—;300000;https://economia.gencat.cat/ca/ambits-actuacio/ajuts-subvencions/plans-estrategics/
Convocatorias;Convocatoria Pública para la Concesión de Ayudas a entidades sin ánimo de lucro para la realización de proyectos dirigidos a la inclusión social de colectivos vulnerables y/o en riesgo de exclusión durante el año 2026 en el municipio de Alcorcón;ALCORCÓN;932721;Servicios Sociales y Promoción Social;COMUNIDAD DE MADRID;—;300000;https://www.bocm.es/boletin/CM_Orden_BOCM/2020/12/21/BOCM-20201221-32.PDF
Convocatorias;Subvención excluida de concurrencia pública en el ámbito del patrimonio cultural - Ajuntament de Berga;CATALUÑA;932666;Cultura;CATALUÑA;—;295000;https://economia.gencat.cat/ca/ambits-actuacio/ajuts-subvencions/plans-estrategics/
Convocatorias;IM Defensores: Protección Integral Feminista para Defensorasmesoamericanas: estancias de resguardo y sanación y fortalecimiento de conocimientospara el autocuido;CATALUÑA;932600;Cooperación internacional para el desarrollo y cultural;TODO EL MUNDO;—;290000;https://economia.gencat.cat/ca/ambits-actuacio/ajuts-subvencions/plans-estrategics/
Convocatorias;Subvención nominativa al Ayuntamiento de Arbúcies para el Centro Cultural Naus Ayats;CATALUÑA;932453;Otras actuaciones de carácter económico;CATALUÑA;—;282463,32;https://economia.gencat.cat/ca/ambits-actuacio/ajuts-subvencions/plans-estrategics/
Convocatorias;ARD Kolda: Apoyo a la gobernanza territorial para la promoción de los derechos de las mujeres y niñas en la región de Kolda, Senegal;CATALUÑA;932628;Cooperación internacional para el desarrollo y cultural;TODO EL MUNDO;—;250000;https://economia.gencat.cat/ca/ambits-actuacio/ajuts-subvencions/plans-estrategics/
Convocatorias;Contrarrestar la resistencia a la igualdad de género y fortalecer la capacidad de alerta temprana, prevención y respuesta de la OACNUDH para proteger a mujeres, niñas y minorías en Senegal y, en consecuencia, en la región;CATALUÑA;932629;Cooperación internacional para el desarrollo y cultural;TODO EL MUNDO;—;250000;https://economia.gencat.cat/ca/ambits-actuacio/ajuts-subvencions/plans-estrategics/
Convocatorias;OACNUDH Guatemala: Fortalecimiento del espacio cívico para la participación y defensa de los derechos humanos en Guatemala.;CATALUÑA;932630;Cooperación internacional para el desarrollo y cultural;TODO EL MUNDO;—;250000;https://economia.gencat.cat/ca/ambits-actuacio/ajuts-subvencions/plans-estrategics/
Convocatorias;Subvención nominativa en el ámbito del fomento de la cultura catalana - Ateneu Barcelonès;CATALUÑA;932480;Cultura;CATALUÑA;—;207000;https://economia.gencat.cat/ca/ambits-actuacio/ajuts-subvencions/plans-estrategics/
Convocatorias;Acuerdo Junta de Gobierno Local de 30 de septiembre de 2026 que aprueba el abono a Eulen Servicios Sociosanitarios, S.A. 4º pago ayudas bono infantil curso 2025/2026;LOGROÑO;932708;Educación;LA RIOJA;—;205172,71;https://logrono.es/becas-y-subvenciones
Convocatorias;Subvención nominativa al Ayuntamiento de Margalef para el control de acceso del parque natural de escalada;CATALUÑA;932458;Otras actuaciones de carácter económico;CATALUÑA;—;200000;https://economia.gencat.cat/ca/ambits-actuacio/ajuts-subvencions/plans-estrategics/
Convocatorias;Buscamos con humanidad: a través de la identificación de personas, innovación tecnológica y memoria histórica;CATALUÑA;932633;Cooperación internacional para el desarrollo y cultural;TODO EL MUNDO;—;200000;https://economia.gencat.cat/ca/ambits-actuacio/ajuts-subvencions/plans-estrategics/
Convocatorias;Acuerdo de la Junta Local del Ayuntamiento con fecha de 24 de septiembre de 2026, para la aprobación de las bases y convocatoria de ayudas económicas a clubes y entidades deportivas del municipio de Cuenca para el ejercicio 2026.;CUENCA;932655;Otras Prestaciones económicas;Cuenca;—;200000;https://www.dipucuenca.es/boletin-oficial-de-la-provincia
Convocatorias;Ajuntament de Palau-Saverdera (2026/2883);DIPUTACIÓN PROV. DE GIRONA;932669;Otras actuaciones de carácter económico;Girona;31/12/2026;200000;https://www.ddgi.cat/basescast/2023/ordenanza_general_subvenciones_SL_16_1scc.pdf
Convocatorias;"Resol. 2026/1342, de 25 de septiembre, por la que se aprueban las bases y convocatoria de las ayudas del programa ""Xixona bono consumo 2026"" para fomentar el consumo en el municipio de Xixona.";JIJONA/XIXONA;932712;Comercio, Turismo y Pymes;Alicante / Alacant;20/11/2026;200000;http://www.xixona.es/es-es
Convocatorias;CONVENIO NOMINATIVO ENTRE CRUZ ROJA ASAMBLEA LOCAL ELDA Y EL IMSSE ANUALIDAD 2026;ELDA;932479;Servicios Sociales y Promoción Social;Alicante / Alacant;31/10/2026;196320;https://www.elda.es/servicios-sociales/subvenciones-y-convenios/
Convocatorias;CONVOCATORIA 2026 DE AYUDAS PARA PROYECTOS DE COOPERACION INTERNACIONAL AL DESARROLLO Y ACCIONES DE SENSIBILIZACION;SANTA COLOMA DE GRAMENET;932536;Cooperación internacional para el desarrollo y cultural;Barcelona;—;181818,18;https://www.boe.es/buscar/act.php?id=BOE-A-2003-20977
Convocatorias;SUBVENCIÓ DIRECTA - CONVENI DE COL·LABORACIÓ PER L'ORGANITZACIÓ I DESENVOLUPAMENT DE LES ACTIVITATS FIRALS 2026;IGUALADA;932448;Comercio, Turismo y Pymes;Barcelona;—;180000;Https://seu-e.cat/documents/28021/7611121/Ordenan%C3%A7a+general+de+subvencions+de+l%27Ajuntament+d%27Igualada/fe470dca-f977-4952-948f-fa0b8e5445fa
Convocatorias;Subvención nominativa en el ámbito del patrimonio cultural - Ajuntament de Manresa;CATALUÑA;932667;Cultura;CATALUÑA;—;180000;https://economia.gencat.cat/ca/ambits-actuacio/ajuts-subvencions/plans-estrategics/
Convocatorias;BASES CAMPAÑA FOMENTO AL CONSUMO: V BONO-CONSUMO CATRAL 2026.;CATRAL;932486;Comercio, Turismo y Pymes;Alicante / Alacant;—;178360;https://catral.sedelectronica.es/preview-document/9631239a-9e11-4cfd-9707-536770c1d31e/
Convocatorias;Decreto de Alcaldía 2026-1288 de 30 de septiembre de 2026 de inicio de la Convocatoria del “Bono consumo Muro 2026”, con denominación de campaña “Xe que Bo”.;MURO DE ALCOY;932720;Comercio, Turismo y Pymes;Alicante / Alacant;15/11/2026;175098;http://www.dip-alicante.es/bop2/pdftotal/2006/04/15-04-06.pdf#page=22
Convocatorias;"Solicitud subvención nominativa del Ayuntamiento de El Robledo para ""Acond. Senda verde, Avda. Río Bullaque, Calles y Caminos""";DIPUTACIÓN PROV. DE CIUDAD REAL;932731;Otras Prestaciones económicas;Ciudad Real;10/09/2026;169582,7;https://dipucr.transparencialocal.gob.es/es_ES/buscar/contenido/articulo/articulo-30519-aprobacion-definitiva-de-modificacion-del-reglamento-regulador-del-plan-de-asistencia-economica-y-cooperacion-municipal
Convocatorias;Subvención nominativa en el Ayuntamiento de Montgai para la rehabilitación y mejora de Cal Cassó. Centro de dinamización y fomento del empleo;CATALUÑA;932475;Otras actuaciones de carácter económico;CATALUÑA;—;162000;https://economia.gencat.cat/ca/ambits-actuacio/ajuts-subvencions/plans-estrategics/
Convocatorias;CONVENIO SUBVENCIÓN NOMINATIVA A LA ASOCIACÓN YMCA PARA SU PROGRAMA DE INTERVENCIÓN COMUNITARIA CON JÓVENES DEL MUNICIPIO;GETAFE;932467;Servicios Sociales y Promoción Social;Madrid;31/12/2026;159686,95;http://www.bocm.es/boletin/CM_Orden_BOCM/2013/05/13/BOCM-20130513-55.PDF
Convocatorias;CONVOCATORIA PROGRAMAS 2026;GRANADA;932576;Servicios Sociales y Promoción Social;Granada;31/12/2026;155843,3;https://dipgra.es
Convocatorias;CONVOCATORIA DE SUBVENCIONES A MUNICIPIOS Y EATIMS DE LA PROVINCIA DE CIUDAD REAL PARA EL PLAN DE ESCUELAS DEPORTIVAS 2026-2027;DIPUTACIÓN PROV. DE CIUDAD REAL;932501;Otras Prestaciones económicas;Ciudad Real;—;150000;https://se1.dipucr.es:4443/SIGEM_BuscadorDocsWeb/getDocument.do?entidad=005&doc=7797058
Convocatorias;Convenio de colaboración entre el Gobierno de Aragón y el Ayuntamiento de Abizanda para la ejecución de actuaciones incluidas en el Decreto-Ley 1, 2026, de 10 de junio, del Gobierno de Aragón;ARAGÓN;932554;Otras Prestaciones económicas;Huesca;04/09/2026;150000;https://www.boa.aragon.es/cgi-bin/EBOA/BRSCGI?CMD=VEROBJ&MLKOB=1276611240404
Convocatorias;Convocatoria de bases específicas reguladoras para la concesión de una subvención para desarrollar la segunda edición del programa ElPratVal consistente en la emisión de unos vales descuento/vales de compra.;PRAT DE LLOBREGAT, EL;932610;Comercio, Turismo y Pymes;Barcelona;22/11/2026;150000;https://bop.diba.cat/anunci/3951336/aprovacio-inicial-de-les-bases-especifiques-reguladores-per-a-l-atorgament-de-la-subvencio-per-a-desenvolupar-la-segona-edicio-del-programa-elpratval-consistent-en-l-emissio-d-uns-vals-descompte-vals-de-compra-en-el-mar
Convocatorias;Subvención excluida de concurrencia pública en el ámbito del patrimonio cultural - Ateneu Barcelonès;CATALUÑA;932677;Cultura;CATALUÑA;—;130000;https://economia.gencat.cat/ca/ambits-actuacio/ajuts-subvencions/plans-estrategics/
Convocatorias;GC SUBVENCION NOMINATIVA DE 2026 A INSTITUCIÓN FERIAL DE CANARIAS (INFECAR).;CABILDO INSULAR DE GRAN CANARIA;932498;Agricultura, Pesca y Alimentación;Gran Canaria;—;125000;https://cabildogc.grancanaria.com/documents/10180/11297340/Ordenanza+General+de+Subvenciones+del+Cabildo+de+Gran+Canaria/33077d88-3822-4049-bca7-af8199d49ef4
Convocatorias;CONVENIO DE COLABORACIÓN ENTRE EL AYUNTAMIENTO DE SANTIAGO DE COMPOSTELA Y CÁRITAS DIOCESANA DE SANTIAGO 2026;SANTIAGO DE COMPOSTELA;932678;Servicios Sociales y Promoción Social;A Coruña;31/12/2026;120000;
Convocatorias;subvención nominativa a la entidad CLUB ESPORTIU LLEIDA LLISTA BLAVA, con la finalidad de: ayuda para la práctica y promoción continuada del hockey sobre patines en Lleida.;LLEIDA;932532;Cultura;Lleida;—;110000;https://web.paeria.cat/paeria/pressupostos/2026/annex_subvencions_nominatives_2026_cas.pdfju
Convocatorias;Mejora de estructuras agrarias y del medio rural;CANARIAS;932461;Agricultura, Pesca y Alimentación;La Palma;28/09/2026;100000;https://www.gobiernodecanarias.org/boc/2025/256/index.html
Convocatorias;Subvenció nominativa a la Fundació Noima per al finançament dels programes de prevenció de l`abandonament escolar 2026;DIPUTACIÓN PROV. DE GIRONA;932671;Educación;Girona;31/12/2026;100000;https://www.ddgi.cat/basescast/2023/ordenanza_general_subvenciones_SL_16_1scc.pdf
Convocatorias;Subvención nominativa en el ámbito del patrimonio cultural - Ajuntament de Lleida;CATALUÑA;932673;Cultura;CATALUÑA;—;100000;https://economia.gencat.cat/ca/ambits-actuacio/ajuts-subvencions/plans-estrategics/
Convocatorias;Subvención nominativa en el ámbito del patrimonio cultural - Vinseum. Museu de les Cultures del Vi de Catalunya;CATALUÑA;932681;Cultura;CATALUÑA;—;100000;https://economia.gencat.cat/ca/ambits-actuacio/ajuts-subvencions/plans-estrategics/
Convocatorias;"Convenio de colaboración económica con la Asociación Provincial de Empresarios de Hostelería y Turismo de Toledo, paa la concesión de ayuda económica destinada a la realización del proyecto ""Muestra Gastronómica y Shos Cookings"" 2026";DIPUTACIÓN PROV. DE TOLEDO;932548;Otras Prestaciones económicas;Toledo;—;96800;https://www.diputoledo.es/global/ver-pdf/36599
Convocatorias;CONVOCATORIA SUBVENCIONES A FAMILIAS CON MENORES DE 0 A 3 AÑOS QUE PRECISAN APOYOS PARA EL FOMENTO DE LA GARANTÍA ALIMENTARIA ESCOLARIZADOS EN CENTROS DE EDUCACIÓN INFANTIL CURSOS 2026/2027;SAN VICENTE DEL RASPEIG/SANT VICENT DEL RASPEIG;932420;Servicios Sociales y Promoción Social;Alicante / Alacant;10/11/2026;82000;http://www.dip-alicante.es/bop2/pdftotal/2015/05/04_83/2015_007763.pdf
Convocatorias;CONVOCATORIA CHEQUE EMPRENDEDOR/A 2026;PATERNA;932446;Comercio, Turismo y Pymes;Valencia / València;30/11/2026;80000;https://bop.dival.es/bop/downloads?anuncioCSV=BOPV-2026/10085&lang=es
Convocatorias;CONVENIO DE SUBVENCIÓN NOMINATIVA ENTRE EL AYUNTAMIENTO DE LAS PALMAS DE GRAN CANARIA Y ASOCIACIÓN AMIGOS CANARIOS DE LA ZARZUELA DESTINADO A SUFRAGAR GASTOS GENERALES DEL PROYECTO XXXIV TEMPORADA DE ZARZUELA DE CANARIAS;PALMAS DE GRAN CANARIA, LAS;932524;Cultura;Gran Canaria;—;80000;
Convocatorias;ORDEN FORAL de la diputada foral del Departamento de Empleo, Cohesión Social e Igualdad, por la que se concede a la Asociación Zabalketa de Cooperación y Desarrollo una subvención directa excepcional;DIPUTACIÓN FORAL DE BIZKAIA;932568;Cooperación internacional para el desarrollo y cultural;Bizkaia;—;80000;
Convocatorias;AYUDAS ECONOMICAS A FAMILIAS EN DIFICULTADES ECONOMICAS CON MENORES A CARGO AÑO 2026;LANGREO;932694;Servicios Sociales y Promoción Social;PRINCIPADO DE ASTURIAS;—;80000;
Convocatorias;SUBVENCIÓN NOMINATIVA COMISIÓN FULBRIGHT 2026;COMUNIDAD DE MADRID;932500;Investigación, desarrollo e innovación;COMUNIDAD DE MADRID;—;75000;https://www.bocm.es/boletin/CM_Orden_BOCM/2025/12/29/BOCM-20251229-2.PDF
Convocatorias;Convenio con el Club Deportivo Córdoba Club Baloncesto 2022 para la ejecución del proyecto Coto Córdoba Temporada 2026/2027;DIPUTACIÓN PROV. DE CÓRDOBA;932508;Otras actuaciones de carácter económico;Córdoba;—;75000;https://dipucordoba.es/contenido-de-area/presupuesto-general-diputacion-de-cordoba/
Convocatorias;Convocatoria subvenciones a entidades deportivas para el año 2026;TORTOSA;932422;Cultura;ESPAÑA;—;70000;https://www.dipta.cat/bopt/web/anunci/352346/bases-per-a-la-concessio-de-subvencions-a-entitats-esportives-del-municipi-aprovacio-definitiva-ajuntament-tortosa
Convocatorias;Convocatoria de subvenciones por concurrencia competitiva a Entidades deportivas de Nules para el ejercicio 2026.;NULES;932437;Sanidad;Castellón / Castelló;—;70000;
Convocatorias;"Solicitud subvención nominativa de Ayuntamiento de Almodóvar del Campo para ""Acondicionamiento de caminos""";DIPUTACIÓN PROV. DE CIUDAD REAL;932727;Otras Prestaciones económicas;Ciudad Real;18/09/2026;65000;https://dipucr.transparencialocal.gob.es/es_ES/buscar/contenido/articulo/articulo-30519-aprobacion-definitiva-de-modificacion-del-reglamento-regulador-del-plan-de-asistencia-economica-y-cooperacion-municipal
Convocatorias;"GC Subvención nominativa 2026 a la Asociación Canaria de Universidades Populares - ACUP. Proyecto: ""ESCUELA DE CIUDADANÍA DE GRAN CANARIA"".";CABILDO INSULAR DE GRAN CANARIA;932505;Otras Prestaciones económicas;Gran Canaria;—;60000;https://cabildogc.grancanaria.com/documents/10180/11297340/Ordenanza+General+de+Subvenciones+del+Cabildo+de+Gran+Canaria/33077d88-3822-4049-bca7-af8199d49ef4
Convocatorias;CONVOCATORIA PARA LA CONCESIÓN DE SUBVENCIONES A CLUBES DEPORTIVOS DE MOLINA DE SEGURA PARA LA TEMPORADA 2025/26. APROBACIÓN.;MOLINA DE SEGURA;932599;Cultura;Murcia;—;60000;https://sedeelectronica.molinadesegura.es/subvenciones/
Convocatorias;URBANIZACIÓN DE CALLE DE NUEVA APERTURA EN GRAJA DE INIESTA. Subvención Nominativa Inversiones Municipales;DIPUTACIÓN PROV. DE CUENCA;932624;Infraestructuras;Cuenca;31/10/2027;60000;https://www.dipucuenca.es/documents/12423/560665/ORDENANZA+REGULADORA+DE+SUBVENCIONES.pdf
Convocatorias;2024-CONVOCATORIA SUBVENCION NOMINATIVA POR DEFICIT A LA FUNDACION PRIVADA GERIATRICA SEÑORA DEL REMEI;ARENYS DE MUNT;932641;Otras Prestaciones económicas;CATALUÑA;31/12/2024;60000;https://www-arenysdemunt-cat.translate.goog/arees/accio-social/subvencions-daccio-social?_x_tr_sl=ca&_x_tr_tl=es&_x_tr_hl=esie%3DUTF-8
Convocatorias;Subvención nominativa a favor de PHOTOMUSEUM ARGAZKI EUSKAL MUSEOA;ZARAUTZ;932650;Cultura;Gipuzkoa;—;58875;https://www.zarautz.eus/documents/2952655/44440752/Subvenciones+Bases+2026.pdf/278c0a44-5124-960c-6efe-cb4d1a071060?t=1776253060951
Convocatorias;CONVENIO DE SUBV NOM ENTRE EL AYUNTAMIENTO DE LAS PALMAS DE GRAN CANARIA Y GABINETE LITERARIO DE LAS PALMAS DE GRAN CANARIA DESTINADO A SUFRAGAR GASTOS GENERALES DEL PROYECTO CULTURA PARA LA SOCIEDAD CIVIL Y PARTICIPACIÓN. GABINETE LITERARIO 2026;PALMAS DE GRAN CANARIA, LAS;932511;Cultura;Gran Canaria;—;55000;
Convocatorias;CONVENIO NOMINATIVO ENTRE CÁRITAS DIOCESANA ORIHUELA-ALICANTE Y EL IMSSE ANUALIDAD 2026;ELDA;932485;Servicios Sociales y Promoción Social;Alicante / Alacant;31/10/2026;50430;https://www.elda.es/servicios-sociales/subvenciones-y-convenios/
Convocatorias;CONVOCATORIA DE SUBVENCIONES A LOS MUNICIPIOS Y EATIMS DE LA PROVINCIA DE CIUDAD REAL MENORES DE 10.000 HABITANTES, PARA EL PROGRAMA MONITORES DE MULTIDEPORTE 2026-2027;DIPUTACIÓN PROV. DE CIUDAD REAL;932503;Otras Prestaciones económicas;Ciudad Real;—;50000;https://se1.dipucr.es:4443/SIGEM_BuscadorDocsWeb/getDocument.do?entidad=005&doc=7797059
Convocatorias;REHABILITACIÓN DE ZONA DE EDIFICIO CASA CONSISTORIAL DE CAÑETE PARA NUEVA ADMINISTRACIÓN Y SECRETARÍA. Subvención Nominativa Inversiones Municipales;DIPUTACIÓN PROV. DE CUENCA;932619;Infraestructuras;Cuenca;31/10/2027;50000;https://www.dipucuenca.es/documents/12423/560665/ORDENANZA+REGULADORA+DE+SUBVENCIONES.pdf
Convocatorias;Redes de baja tensión en La Pequera. Subvención Nominativa Inversiones Municipales;DIPUTACIÓN PROV. DE CUENCA;932627;Infraestructuras;Cuenca;31/10/2027;50000;https://www.dipucuenca.es/documents/12423/560665/ORDENANZA+REGULADORA+DE+SUBVENCIONES.pdf
Convocatorias;Subvención nominativa en el ámbito del patrimonio cultural - Fundació Museu Mas Miró;CATALUÑA;932670;Cultura;CATALUÑA;—;50000;https://economia.gencat.cat/ca/ambits-actuacio/ajuts-subvencions/plans-estrategics/
Convocatorias;Subvención a la Diputación provincial de Zaragoza para la realización de actuaciones de búsqueda, localización, exhumación y, en su caso, identificación de restos de personas víctimas de la guerra de España y la dictadura.;MINISTERIO DE POLÍTICA TERRITORIAL Y MEMORIA DEMOCRÁTICA;932696;Justicia;Zaragoza;—;50000;https://www.boe.es/eli/es/rd/2026/06/03/453/dof/spa/pdf
Convocatorias;Subvención al Ayuntamiento de Aspe para la realización de actuaciones de búsqueda, localización, exhumación y, en su caso, identificación de restos de personas víctimas de la guerra de España y la dictadura.;MINISTERIO DE POLÍTICA TERRITORIAL Y MEMORIA DEMOCRÁTICA;932713;Justicia;Alicante / Alacant;—;50000;https://www.boe.es/eli/es/rd/2026/06/03/453/dof/spa/pdf
Convocatorias;CONCESIÓN DE SUBVENCIÓN DIRECTA A LA FEDERACIÓN ANDALUZA DE BANDAS DE MÚSICA NO PROFESIONALES, PARA LA FINANCIACIÓN DEL PROYECTO “ACTIVIDADES DE PROMOCIÓN Y DIFUSIÓN DE MÚSICAS DE BANDAS, 2026”. ACUERDO NÚM. 9 DE JG DE 03-08-2026.;DIPUTACIÓN PROV. DE ALMERÍA;932722;Cultura;Almería;—;50000;https://app.dipalme.org/bop/services/manager/edicto/2021/4757/4757-21p.pdf
Convocatorias;DEC.Nº 2026-10.035 DE 18/09/2026 QUE APRUEBA EL CONVENIO CON EL AYUNTAMIENTO DE VALDEARENAS PARA LA FINANCIACIÓN DEL PROYECTO “OBRAS DE REPARACIÓN Y SUSTITUCIÓN DE CUBIERTA EN LA IGLESIA DE VALDEARENAS (GUADALAJARA)”.;DIPUTACIÓN PROV. DE GUADALAJARA;932584;Infraestructuras;Guadalajara;—;49269,16;https://boletin.dguadalajara.es/boletin/index.php/2-anuncios/60080-ORDENANZA-GENERAL-DE-SUBVENCIONES
Convocatorias;ADQUISICIÓN VEHICULOS MUNICIPALES EN EL PROVENCIO. Subvención Nominativa Inversiones Municipales;DIPUTACIÓN PROV. DE CUENCA;932623;Infraestructuras;Cuenca;31/10/2027;48217;https://www.dipucuenca.es/documents/12423/560665/ORDENANZA+REGULADORA+DE+SUBVENCIONES.pdf
Convocatorias;"Solicitud Subvención Nominativa del Ayuntamiento de Almadén para ""Acond. Puente Arroyo de la Pila y caminos""";DIPUTACIÓN PROV. DE CIUDAD REAL;932718;Otras Prestaciones económicas;Ciudad Real;03/08/2026;47999,46;https://dipucr.transparencialocal.gob.es/es_ES/buscar/contenido/articulo/articulo-30519-aprobacion-definitiva-de-modificacion-del-reglamento-regulador-del-plan-de-asistencia-economica-y-cooperacion-municipal
Convocatorias;Convocatoria para el otorgamiento de ayudas económicas de carácter individual del servicio de transporte adaptado de todos los municipios del Área Básica de Servicios Sociales del Tarragonès 2026;CONSELL COMARCAL DE TARRAGONÈS;932447;Servicios Sociales y Promoción Social;Tarragona;04/12/2026;45000;https://dogc.gencat.cat/es/document-del-dogc/?documentId=1044611
Convocatorias;Mejora accesibilidad casa consistorial en Carrascosa de Haro. Subvención Nominativa Inversiones Municipales;DIPUTACIÓN PROV. DE CUENCA;932580;Infraestructuras;Cuenca;31/10/2027;45000;https://www.dipucuenca.es/documents/12423/560665/ORDENANZA+REGULADORA+DE+SUBVENCIONES.pdf
Convocatorias;Mejora accesibilidad casa consistorial en Carrascosa de Haro. Subvención Nominativa Inversiones Municipales;DIPUTACIÓN PROV. DE CUENCA;932587;Infraestructuras;Cuenca;31/10/2027;45000;https://www.dipucuenca.es/documents/12423/560665/ORDENANZA+REGULADORA+DE+SUBVENCIONES.pdf
Convocatorias;Subvención excluida de concurrencia pública en el ámbito de la cooperación cultural - SERVEIS ACTUALITZATS DE L'ESPECTACLE, S.L. (ANEXA);CATALUÑA;932684;Cultura;CATALUÑA;—;45000;https://economia.gencat.cat/ca/ambits-actuacio/ajuts-subvencions/plans-estrategics/
Convocatorias;"Resolucion de 30 de septiembre de 2026 de la Teniente Alcalde Delegada de Actividades Musicales del Ayuntamiento de Cullera por la que se convoca el LXXIX Certamen Nacional de Bandas de Música ""Ciudad de Cullera""";CULLERA;932745;Cultura;ESPAÑA;04/12/2026;44000;https://cullera.sedipualba.es/tablondeanuncios/anuncio.aspx?id=82854
Convocatorias;SEGUIMIENTO Y CONTROL DE LA SEGURIDAD Y SALUD 2026 UGT;MADRID;932631;Otras actuaciones de carácter económico;Madrid;—;42710;https://www.bocm.es/boletin/CM_Orden_BOCM/2025/12/26/BOCM-20251226-71.PDF
Convocatorias;SEGUIMIENTO Y CONTROL DE LA SEGURIDAD Y SALUD 2026 CCOO;MADRID;932634;Otras actuaciones de carácter económico;Madrid;—;42710;https://www.bocm.es/boletin/CM_Orden_BOCM/2025/12/26/BOCM-20251226-71.PDF
Convocatorias;SEGUIMIENTO Y CONTROL DE LA SEGURIDAD Y SALUD 2026 AECOM;MADRID;932636;Otras actuaciones de carácter económico;Madrid;—;42710;https://www.bocm.es/boletin/CM_Orden_BOCM/2025/12/26/BOCM-20251226-71.PDF
Convocatorias;Reforma vivienda municipal en Yemeda. Subvención Nominativa Inversiones Municipales;DIPUTACIÓN PROV. DE CUENCA;932591;Infraestructuras;Cuenca;31/10/2027;40000;https://www.dipucuenca.es/documents/12423/560665/ORDENANZA+REGULADORA+DE+SUBVENCIONES.pdf
Convocatorias;Adquisición vehículo municipal en Alberca de Zancara. Subvención Nominativa Inversiones Municipales;DIPUTACIÓN PROV. DE CUENCA;932592;Infraestructuras;Cuenca;31/10/2027;40000;https://www.dipucuenca.es/documents/12423/560665/ORDENANZA+REGULADORA+DE+SUBVENCIONES.pdf
Convocatorias;REPARACIÓN VASO PISCINA Y ALREDEDORES EN CAÑADA JUNCOSA. Subvención Nominativa Inversiones Municipales;DIPUTACIÓN PROV. DE CUENCA;932618;Infraestructuras;Cuenca;31/10/2027;40000;https://www.dipucuenca.es/documents/12423/560665/ORDENANZA+REGULADORA+DE+SUBVENCIONES.pdf
Convocatorias;CONVENIO DE COLABORACIÓN CON LA ENTIDAD UGT FEDERACIÓN DE INDUSTRIA, CONSTRUCCIÓN Y AGRO (FICA), Y DE CONCESIÓN DE SUBVENCIÓN PARA EL DESARROLLO Y EJECUCIÓN DEL PROYECTO “INDUDEF”.-;CÓRDOBA;932711;Otras actuaciones de carácter económico;Córdoba;31/12/2026;40000;
Convocatorias;"Solicitud subvención nominativa del Ayuntamiento de Brazatortas para ""Acondicionamiento caminos""";DIPUTACIÓN PROV. DE CIUDAD REAL;932714;Otras Prestaciones económicas;Ciudad Real;03/08/2026;40000;https://dipucr.transparencialocal.gob.es/es_ES/buscar/contenido/articulo/articulo-30519-aprobacion-definitiva-de-modificacion-del-reglamento-regulador-del-plan-de-asistencia-economica-y-cooperacion-municipal
Convocatorias;"Solicitud subvención nominativa de Ayuntamiento de Herencia para ""Acondicionamiento de caminos""";DIPUTACIÓN PROV. DE CIUDAD REAL;932725;Otras Prestaciones económicas;Ciudad Real;06/08/2026;40000;https://dipucr.transparencialocal.gob.es/es_ES/buscar/contenido/articulo/articulo-30519-aprobacion-definitiva-de-modificacion-del-reglamento-regulador-del-plan-de-asistencia-economica-y-cooperacion-municipal
Convocatorias;"Solicitud subvención nominativa del Ayuntamiento de Porzuna para ""Cerramiento Campo de fútbol y acondicionamiento caminos""";DIPUTACIÓN PROV. DE CIUDAD REAL;932728;Otras Prestaciones económicas;Ciudad Real;10/09/2026;40000;https://dipucr.transparencialocal.gob.es/es_ES/buscar/contenido/articulo/articulo-30519-aprobacion-definitiva-de-modificacion-del-reglamento-regulador-del-plan-de-asistencia-economica-y-cooperacion-municipal
Convocatorias;SUBVENCION NOMINATIVA CARITAS DIOCESANA DE MALAGA EJERCICIO 2026;MARBELLA;932632;Servicios Sociales y Promoción Social;Málaga;31/12/2026;37500;https://www.bopmalaga.es/?fecha=31-12-2025
Convocatorias;ORDEN FORAL de la diputada foral de Euskera, Cultura y Deporte, por la que se concede a Agrup. Dep. Mikel Artetxe Txirrindulalari Zaleak una subvención foral para la financiación parcial de los gastos de la escultura en homenaje a Jesus Loroño.;DIPUTACIÓN FORAL DE BIZKAIA;932647;Cultura;Bizkaia;—;37005;
Convocatorias;SUBVENCIÓN INTERNACIONALIZACIÓN CEOE 2026;ARAGÓN;932514;Otras actuaciones de carácter económico;ARAGON;31/12/2026;35000;https://www.boa.aragon.es/cgi-bin/EBOA/BRSCGI?CMD=VEROBJ&MLKOB=1276611240404
Convocatorias;"EXPTE. 388/2026 BASES Y CONVOCATORIA PARA LA CONCESIÓN DE SUBVENCIONES DENOMINADAS BONO-CONSUMO 2026 ""DAYA VIEJA DA MÁS"", EN RÉGIMEN DE CONCURRENCIA COMPETITIVA.";DAYA VIEJA;932439;Comercio, Turismo y Pymes;Alicante / Alacant;—;33304;https://dayavieja.sedelectronica.es/preview-document/3c7adda0-d65d-4966-a320-583e709c884e/
Convocatorias;Sunset jazz club 2026;GIRONA;932450;Cultura;Girona;04/09/2026;30000;https://seu.girona.cat/cdn/dades/transparencia/2026-Conveni-sunsetjazz-esp.pdf
Convocatorias;Convenio de colaboración entre el Ayuntamiento de Santiago de Compostela y la Federación Gallega de ANPAS de centros públicos de educación infantil, primaria y secundaria “Compostela”, año 2026.;SANTIAGO DE COMPOSTELA;932493;Educación;GALICIA;—;30000;https://santiagodecompostela.gal/gl/transparencia/orzamentos-2026
Convocatorias;Techado frontón en Valsalobre. Subvención Nominativa Inversiones Municipales;DIPUTACIÓN PROV. DE CUENCA;932574;Infraestructuras;Cuenca;31/10/2027;30000;https://www.dipucuenca.es/documents/12423/560665/ORDENANZA+REGULADORA+DE+SUBVENCIONES.pdf
Convocatorias;Reparación tejado en casa Consistorial de Zafrilla. Subvención Nominativa Inversiones Municipales;DIPUTACIÓN PROV. DE CUENCA;932603;Infraestructuras;Cuenca;31/10/2027;30000;https://www.dipucuenca.es/documents/12423/560665/ORDENANZA+REGULADORA+DE+SUBVENCIONES.pdf
Convocatorias;CONVENIO DE COLABORACIÓN ENTRE EL AYUNTAMIENTO DE SANTIAGO DE COMPOSTELA Y LA ASOCIACIÓN ESCOLA DE TEMPO LIBRE DON BOSCO 2026;SANTIAGO DE COMPOSTELA;932611;Servicios Sociales y Promoción Social;A Coruña;31/01/2026;30000;
Convocatorias;Parque municipal en Villalpardo. Subvención Nominativa Inversiones Municipales;DIPUTACIÓN PROV. DE CUENCA;932615;Infraestructuras;Cuenca;31/10/2027;30000;https://www.dipucuenca.es/documents/12423/560665/ORDENANZA+REGULADORA+DE+SUBVENCIONES.pdf
Convocatorias;Subvención nominativa en el ámbito del patrimonio cultural - Museu Apelles Fenosa;CATALUÑA;932679;Cultura;CATALUÑA;—;30000;https://economia.gencat.cat/ca/ambits-actuacio/ajuts-subvencions/plans-estrategics/
Convocatorias;GALTZAUNDI-REN DIRULAGUNTZA IZENDUNA;TOLOSA;932742;Cultura;Gipuzkoa;—;30000;https://udala.tolosa.eus/sites/default/files/DL%20ORDENANTZA%20OROKORRA%20%282024%29_0.pdf
Convocatorias;Adecuación consultorio médico en la Hinojosa. Subvención Nominativa Inversiones Municipales;DIPUTACIÓN PROV. DE CUENCA;932602;Infraestructuras;Cuenca;31/10/2027;29805,53;https://www.dipucuenca.es/documents/12423/560665/ORDENANZA+REGULADORA+DE+SUBVENCIONES.pdf
Convocatorias;Resolución Dirección SCE concesión/denegación becas/ayudas alum. Desemp. Cursos ocupados prog. 2025. Fichero 9;CANARIAS;932462;Fomento del Empleo;CANARIAS;25/09/2026;29282,32;https://www.boe.es/eli/es/o/2019/03/28/tms368
Convocatorias;Muestra floral Girona Temps de Flors 2026;GIRONA;932469;Cultura;Girona;03/09/2026;28500;https://seu.girona.cat/cdn/dades/transparencia/2026-Conveni-TdF-cast.pdf
Convocatorias;Subvención nominativa a favor de ZARAUTZ ABESBATZA;ZARAUTZ;932668;Cultura;Gipuzkoa;—;27750;https://www.zarautz.eus/documents/2952655/44440752/Subvenciones+Bases+2026.pdf/278c0a44-5124-960c-6efe-cb4d1a071060?t=1776253060951
Convocatorias;"Solicitud de subvención nominativa del Ayuntamiento de Moral de Calatrava para ""Acondicionamiento de caminos""";DIPUTACIÓN PROV. DE CIUDAD REAL;932715;Otras Prestaciones económicas;Ciudad Real;03/08/2026;27730,32;https://dipucr.transparencialocal.gob.es/es_ES/buscar/contenido/articulo/articulo-30519-aprobacion-definitiva-de-modificacion-del-reglamento-regulador-del-plan-de-asistencia-economica-y-cooperacion-municipal
Convocatorias;Convocatoria subvenciones Asociaciones de Vecinos 2026;TORTOSA;932646;Cultura;ESPAÑA;—;26000;https://www.dipta.cat/bopt/web/anunci/109872/bases-de-la-convocatoria-del-procediment-per-a-la-concessio-de-subvencions-a-associacions-de-veins-aprovacio-inicial-ajuntament-tortosa
Convocatorias;PROMOCIÓN CULTURAL DEL MUNICIPIO DE EL SAUZAL;CANARIAS;932459;Otras Prestaciones económicas;Tenerife;31/12/2026;25000;
Convocatorias;Convenio de colaboración entre el Excmo. Ayuntamiento de Cuenca y la Asociación Amigos del Carnaval de Cuenca por el que se canaliza la subvención nominativa del ejercicio 2026.;CUENCA;932473;Cultura;Cuenca;31/12/2026;25000;
Convocatorias;CONV SUBV NOM ENTRE EL AYUNT LAS PALMAS DE GC REAL ACA CANARIA DE BELLAS ARTES DE SAN MIGUEL ARCÁNGEL DESTINADO A SUFRAGAR GASTOS GENERALES DEL PROYECTO INICIATIVAS PARA LA PROMOCIÓN CULTURAL, LA DIFUSIÓN DEL PATRIMONIO HISTÓRICO Y LA CREACIÓN Y EXHIB ART;PALMAS DE GRAN CANARIA, LAS;932531;Cultura;Gran Canaria;—;25000;
Convocatorias;SUBVENCIONES EN RÉGIMEN DE CONCURRENCIA COMPETITIVA A ENTIDADES LOCALES SIN ÁNIMO DE LUCRO DEL ÁMBITO DE LOS SERVICIOS SOCIALES PARA EL EJERCICIO 2026;CHIPIONA;932558;Servicios Sociales y Promoción Social;Cádiz;—;25000;https://www.aytochipiona.com/delegaciones/bienestar-social/
Convocatorias;Subvención Nominativa CEOE. Promoción Actividades Empresariales 2026;DIPUTACIÓN PROV. DE CUENCA;932581;Otras Prestaciones económicas;Cuenca;31/10/2026;25000;https://www.dipucuenca.es/documents/12423/560665/ORDENANZA+REGULADORA+DE+SUBVENCIONES.pdf
Convocatorias;Subvención Nominativa CEOE. Promoción Actividades Empresariales 2026;DIPUTACIÓN PROV. DE CUENCA;932588;Otras Prestaciones económicas;Cuenca;31/10/2026;25000;https://www.dipucuenca.es/documents/12423/560665/ORDENANZA+REGULADORA+DE+SUBVENCIONES.pdf
Convocatorias;RECONSTRUCCIÓN MURO CALLE HERAS EN SAN MARTÍN DE BONICHES. Subvención Nominativa Inversiones Municipales;DIPUTACIÓN PROV. DE CUENCA;932593;Infraestructuras;Cuenca;31/10/2027;25000;https://www.dipucuenca.es/documents/12423/560665/ORDENANZA+REGULADORA+DE+SUBVENCIONES.pdf
Convocatorias;Adecuación de edificio municipal para creación de vivienda de alquiler en Fuertescusa. Subvención Nominativa Inversiones Municipales;DIPUTACIÓN PROV. DE CUENCA;932601;Infraestructuras;Cuenca;31/10/2027;25000;https://www.dipucuenca.es/documents/12423/560665/ORDENANZA+REGULADORA+DE+SUBVENCIONES.pdf
Convocatorias;Obras de acondicionamiento del antiguo cine de Boniches (Cuenca) para edificio de usos múltiples. Subvención Nominativa Inversiones Municipales;DIPUTACIÓN PROV. DE CUENCA;932617;Infraestructuras;Cuenca;31/10/2027;25000;https://www.dipucuenca.es/documents/12423/560665/ORDENANZA+REGULADORA+DE+SUBVENCIONES.pdf
Convocatorias;Concesión de subvención nominativa a la Agrupación de Voluntarios de Protección Civil de Carballo para actividades de prevención 2026;CARBALLO;932705;Seguridad Ciudadana e Instituciones Penitenciarias;A Coruña;16/04/2026;25000;https://www.eidolocal.gal/es/portal-transparencia/-/entidade/15019/visualizar?idioma=es
Convocatorias;SUBVENCIÓN DIRECTA PEÑA GUARA;HUESCA;932539;Cultura;Huesca;30/11/2026;24000;https://www.huesca.es/documents/20126/2970133/Ordenanza+general+por+la+que+se+aprueban+las+bases+reguladoras+para+la+concesi%C3%B3n+de+subvenciones+por+el+ayuntamiento+de+Huesca+y+sus+entidades+dependientes.pdf/d6dce6c4-67e3-c770-e4a1-ed4b60f76e5b?t=16781
Convocatorias;CONVENIO DE COLABORACIÓN ENTRE EL AYUNTAMIENTO DE SANTIAGO DE COMPOSTELA Y LA ASOCIACIÓN ASOCIACIÓN COMPOSTELÁ DE ESCLEROSE MÚLTIPLE, PÁRKINSON, ELA, OUTRAS ENFERMIDADES NEURODEXENERATIVAS E ENFERMEDADES RARAS (ACEM-SANTIAGO), 2026;SANTIAGO DE COMPOSTELA;932643;Servicios Sociales y Promoción Social;A Coruña;31/01/2026;24000;
Convocatorias;Conveni foment emprenedoria cicles formatius Nuria Social 2027-2029;DIPUTACIÓN PROV. DE GIRONA;932533;Educación;Girona;31/12/2026;23400;https://www.ddgi.cat/basescast/2023/ordenanza_general_subvenciones_SL_16_1scc.pdf
Convocatorias;"Solicitud subvención nominativa de EATIM El Torno para ""Talud acceso escalera zona de baño, Placas centro cultural y Acerado carreterín zona de baño y caminos municipales""";DIPUTACIÓN PROV. DE CIUDAD REAL;932716;Otras Prestaciones económicas;Ciudad Real;03/08/2026;21955,64;https://dipucr.transparencialocal.gob.es/es_ES/buscar/contenido/articulo/articulo-30519-aprobacion-definitiva-de-modificacion-del-reglamento-regulador-del-plan-de-asistencia-economica-y-cooperacion-municipal
Convocatorias;"Solicitud subvención nominativa de Ayuntamiento de Calzada de Calatrava para ""Acondicionamiento de Caminos""";DIPUTACIÓN PROV. DE CIUDAD REAL;932717;Otras Prestaciones económicas;Ciudad Real;03/08/2026;21631,74;https://dipucr.transparencialocal.gob.es/es_ES/buscar/contenido/articulo/articulo-30519-aprobacion-definitiva-de-modificacion-del-reglamento-regulador-del-plan-de-asistencia-economica-y-cooperacion-municipal
Convocatorias;Subvencion nominativa a favor de LITERATURIA KULTUR ELKARTEA;ZARAUTZ;932443;Cultura;Gipuzkoa;—;21400;https://www.zarautz.eus/documents/2952655/44440752/Subvenciones+Bases+2026.pdf/278c0a44-5124-960c-6efe-cb4d1a071060?t=1776253060951
Convocatorias;GC Subvención directa a CLUB MARÍTIMO VARADERO para el proyecto “Vela para todos”.;CABILDO INSULAR DE GRAN CANARIA;932523;Otras Prestaciones económicas;Gran Canaria;—;21000;https://cabildogc.grancanaria.com/documents/10180/11297340/Ordenanza+General+de+Subvenciones+del+Cabildo+de+Gran+Canaria/33077d88-3822-4049-bca7-af8199d49ef4
Convocatorias;"Solicitud subvención nominativa del Ayuntamiento de Poblete para ""Acondicionamiento de caminos""";DIPUTACIÓN PROV. DE CIUDAD REAL;932734;Otras Prestaciones económicas;Ciudad Real;10/09/2026;20462,46;https://dipucr.transparencialocal.gob.es/es_ES/buscar/contenido/articulo/articulo-30519-aprobacion-definitiva-de-modificacion-del-reglamento-regulador-del-plan-de-asistencia-economica-y-cooperacion-municipal
Convocatorias;EXTRACTO DE LAS BASES REGULADORAS Y CONCESIÓN DE SUBVENCIONES PARA LAS ACTIVIDADES A DESARROLLAR POR LAS ASOCIACIONES DE VECINOS DE PLASENCIA 2026.;PLASENCIA;932442;Otras Prestaciones económicas;Cáceres;18/11/2026;20000;https://bop.dip-caceres.es/bop/anuncio.html?csv=BOP-2026-4540
Convocatorias;ORDEN DEL VICECONSEJERO DE EDUCACIÓN, FP, ACTIVIDAD FÍSICA Y DEPORTES, POR LA QUE SE CONCEDE SUBVENCIÓN DIRECTA A LA FEDERACIÓN CANARIA DE LOS DEPORTES PARA PERSONAS CON DISCAPACIDADES, POR 20.000 €, PARA PERSONAL CUALIFICADO DE PROYECTOS DE DISCAPACIDAD.;CANARIAS;932460;Otras actuaciones de carácter económico;CANARIAS;—;20000;https://sede.gobiernodecanarias.org/sede/
Convocatorias;RESOLUCIÓN DECRETO DE ALCALDÍA NÚM 2026/1723, DE 30 DE SEPTIEMBRE DE 2026, DEL AYUNTAMIENTO DE EL SAUZAL, POR EL QUE SE CONVOCA SUBVENCIÓNES EN MATERIA DEPORTIVA (EJERCICIO ECONÓMICO 2026);SAUZAL, EL;932521;Cultura;Tenerife;—;20000;https://www.elsauzal.es/administracion/ayudas-y-subvenciones/
Convocatorias;Mejora acceso instalaciones deportivas en Pineda de Gigüela. Subvención Nominativa Inversiones Municipales;DIPUTACIÓN PROV. DE CUENCA;932575;Infraestructuras;Cuenca;31/10/2027;20000;https://www.dipucuenca.es/documents/12423/560665/ORDENANZA+REGULADORA+DE+SUBVENCIONES.pdf
Convocatorias;Acondicionamiento consultorio médico en Valdemeca. Subvención Nominativa Inversiones Municipales;DIPUTACIÓN PROV. DE CUENCA;932578;Infraestructuras;Cuenca;31/10/2027;20000;https://www.dipucuenca.es/documents/12423/560665/ORDENANZA+REGULADORA+DE+SUBVENCIONES.pdf
Convocatorias;Rehabilitación casas escuela en Cañada del Hoyo. Subvención Nominativa Inversiones Municipales;DIPUTACIÓN PROV. DE CUENCA;932579;Infraestructuras;Cuenca;31/10/2027;20000;https://www.dipucuenca.es/documents/12423/560665/ORDENANZA+REGULADORA+DE+SUBVENCIONES.pdf
Convocatorias;Acondicionamiento consultorio médico en Valdemeca. Subvención Nominativa Inversiones Municipales;DIPUTACIÓN PROV. DE CUENCA;932585;Infraestructuras;Cuenca;31/10/2027;20000;https://www.dipucuenca.es/documents/12423/560665/ORDENANZA+REGULADORA+DE+SUBVENCIONES.pdf
Convocatorias;Rehabilitación casas escuela en Cañada del Hoyo. Subvención Nominativa Inversiones Municipales;DIPUTACIÓN PROV. DE CUENCA;932586;Infraestructuras;Cuenca;31/10/2027;20000;https://www.dipucuenca.es/documents/12423/560665/ORDENANZA+REGULADORA+DE+SUBVENCIONES.pdf
Convocatorias;Reforma edificio municipal en Casas de los Pinos. Subvención Nominativa Inversiones Municipales;DIPUTACIÓN PROV. DE CUENCA;932590;Infraestructuras;Cuenca;31/10/2027;20000;https://www.dipucuenca.es/documents/12423/560665/ORDENANZA+REGULADORA+DE+SUBVENCIONES.pdf
Convocatorias;Ejecución de 8 fosas y adoquinado en el cementerio municipal de El picazo. Subvención Nominativa Inversiones Municipales;DIPUTACIÓN PROV. DE CUENCA;932622;Infraestructuras;Cuenca;31/10/2027;20000;https://www.dipucuenca.es/documents/12423/560665/ORDENANZA+REGULADORA+DE+SUBVENCIONES.pdf
Convocatorias;RECONSTRUCCIÓN DE CUBIERTA EN HUELAMO. Subvención Nominativa Inversiones Municipales;DIPUTACIÓN PROV. DE CUENCA;932625;Infraestructuras;Cuenca;31/10/2027;20000;https://www.dipucuenca.es/documents/12423/560665/ORDENANZA+REGULADORA+DE+SUBVENCIONES.pdf
Convocatorias;Resolución por la cual se concede una subvención directa nominativa a la Real Academia Catalana de Bellas Artes de Sant Jordi para financiar gastos derivados del desarrollo de actividades para la visibilización social de la Academia para el 2026;CATALUÑA;932642;Justicia;CATALUÑA;—;20000;https://economia.gencat.cat/ca/ambits-actuacio/ajuts-subvencions/plans-estrategics/
Convocatorias;Resolución por la cual se concede una subvención directa nominativa a la Real Academia de Buenas Letras para financiar gastos derivados del desarrollo de actividades para la visibilización social de la Academia para el ejercicio 2026;CATALUÑA;932645;Justicia;CATALUÑA;—;20000;https://economia.gencat.cat/ca/ambits-actuacio/ajuts-subvencions/plans-estrategics/
Convocatorias;Resolución por la cual se concede una subvención directa nominativa a la Real Academia de Farmacia de Cataluña para financiar gastos derivados del desarrollo de actividades para la visibilización social de la Academia para el ejercicio 2026;CATALUÑA;932654;Justicia;CATALUÑA;—;20000;https://economia.gencat.cat/ca/ambits-actuacio/ajuts-subvencions/plans-estrategics/
Convocatorias;Resolución por la cual se concede una subvención directa nominativa en la Academia de Ciencias Veterinarias de Cataluña para financiar gastos derivados del desarrollo de actividades para la visibilización social de la Academia para el ejercicio 2026;CATALUÑA;932659;Justicia;CATALUÑA;—;20000;https://economia.gencat.cat/ca/ambits-actuacio/ajuts-subvencions/plans-estrategics/
Convocatorias;Resolución por la cual se concede una subvención directa nominativa a la Academia de Jurisprudencia y Legislación de Cataluña para financiar gastos derivados del desarrollo de actividades para la visibilización social de la Academia para el 2026;CATALUÑA;932660;Justicia;CATALUÑA;—;20000;https://economia.gencat.cat/ca/ambits-actuacio/ajuts-subvencions/plans-estrategics/
Convocatorias;Resolución por la cual se concede una subvención directa nominativa a la Real Academia Europea de Doctores para financiar gastos derivados del desarrollo de actividades para la visibilización social de la Academia para el ejercicio 2026;CATALUÑA;932661;Justicia;CATALUÑA;—;20000;https://economia.gencat.cat/ca/ambits-actuacio/ajuts-subvencions/plans-estrategics/
Convocatorias;"SUBV. NOMINATIVA A LA FUND. MALAGUEÑA DE CURATELA Y APOYOS, PROYECTO ""SERVICIO DE APOYO INFORMÁTICO PARA LA FUNDACIÓN""";MÁLAGA;932663;Servicios Sociales y Promoción Social;Málaga;—;20000;https://www.pap.hacienda.gob.es/bdnstrans/GE/es/inicio
Convocatorias;SUBVENCIÓN TALLER DE PINTURA ASEMPARNA 2026;NÍJAR;932698;Cultura;Almería;—;20000;"https://app.dipalme.org/bop/publico.zul;"
Convocatorias;SUBVENCIÓN NOMINATIVA A SEO/BIRDLIFE CANTABRIA (PROGRAMA DE COOPERACIÓN E INVESTIGACIÓN);CANTABRIA;932449;Educación;Cantabria;31/12/2026;19500;https://boc.cantabria.es/boces/boletines.do?boton=accesos&id=44846#dpto13116
Convocatorias;SUBVENCIÓN NOMINATIVA A FUNDACIÓN NATURALEZA Y HOMBRE (PROGRAMA DE COOPERACIÓN E INVESTIGACIÓN);CANTABRIA;932477;Educación;Cantabria;31/12/2026;19500;https://boc.cantabria.es/boces/boletines.do?boton=accesos&id=44846#dpto13116
Convocatorias;CONVENIO DE COLABORACIÓN ENTRE LA EXCMA. DIPUTACIÓN PROVINCIAL DE SALAMANCA Y LA ASOCIACIÓN DE PADRES Y TERAPEUTAS DE PERSONAS CON AUTISMO O T.G.D. DE SALAMANCA (ARIADNA). AÑO 2026;DIPUTACIÓN PROV. DE SALAMANCA;932567;Servicios Sociales y Promoción Social;Salamanca;14/04/2026;19500;http://www.lasalina.es/presidencia/informacion/normativa/ordenanzasyreglamentos/presidencia/index.html
Convocatorias;CONVENIO DE COLABORACIÓN ENTRE LA EXCMA. DIPUTACIÓN PROVINCIAL DE SALAMANCA Y LA ASOCIACIÓN DE PERSONAS CON FIBROMIALGIA Y/O SÍNDROME DE FATIGA CRÓNICA DE SALAMANCA (AFIBROSAL). AÑO 2026.;DIPUTACIÓN PROV. DE SALAMANCA;932597;Servicios Sociales y Promoción Social;Salamanca;14/04/2026;19500;http://www.lasalina.es/presidencia/informacion/normativa/ordenanzasyreglamentos/presidencia/index.html
Convocatorias;"Solicitud subvención nominativa del Ayuntamiento de Torrenueva para ""Acondicionamiento de Caminos""";DIPUTACIÓN PROV. DE CIUDAD REAL;932743;Otras Prestaciones económicas;Ciudad Real;07/09/2026;19341,15;https://dipucr.transparencialocal.gob.es/es_ES/buscar/contenido/articulo/articulo-30519-aprobacion-definitiva-de-modificacion-del-reglamento-regulador-del-plan-de-asistencia-economica-y-cooperacion-municipal
Convocatorias;Resolución por la cual se concede una subvención directa a la Real Academia de Medicina de Cataluña para financiar gastos derivados del desarrollo de actividades para la visibilización social de la Academia para el ejercicio 2026;CATALUÑA;932658;Justicia;CATALUÑA;—;19000;https://economia.gencat.cat/ca/ambits-actuacio/ajuts-subvencions/plans-estrategics/
Convocatorias;Subvención Asociación Empresarios Polígono Villalonquejar. Anualidad 2026;BURGOS;932425;Industria y Energía;Burgos;29/09/2026;18500;https://www.aytoburgos.es/-/ordenanza-general-de-subvenciones
Convocatorias;"Solicitud subvención nominativa del Ayuntamiento de Viso del Marqués para ""Acondicionamiento de caminos""";DIPUTACIÓN PROV. DE CIUDAD REAL;932737;Otras Prestaciones económicas;Ciudad Real;07/09/2026;18385,89;https://dipucr.transparencialocal.gob.es/es_ES/buscar/contenido/articulo/articulo-30519-aprobacion-definitiva-de-modificacion-del-reglamento-regulador-del-plan-de-asistencia-economica-y-cooperacion-municipal
Convocatorias;Resolución por la cual se concede una subvención al Instituto de Estudios Catalanes para financiar gastos derivados del desarrollo de actividades para la visibilización social de la Academia para el ejercicio 2026;CATALUÑA;932664;Justicia;CATALUÑA;—;18000;https://economia.gencat.cat/ca/ambits-actuacio/ajuts-subvencions/plans-estrategics/
Convocatorias;Resolución por la cual se concede una subvención directa nominativa a la Real Academia de Ciencias y Artes de Barcelona para financiar gastos derivados del desarrollo de actividades para la visibilización social de la Academia para el 2026;CATALUÑA;932653;Justicia;CATALUÑA;—;17958,88;https://economia.gencat.cat/ca/ambits-actuacio/ajuts-subvencions/plans-estrategics/
Convocatorias;Suministro e instalación de equipamiento en el parque infantil municipal en Talayuelas. Subvención Nominativa Inversiones Municipales;DIPUTACIÓN PROV. DE CUENCA;932589;Infraestructuras;Cuenca;31/10/2027;17000;https://www.dipucuenca.es/documents/12423/560665/ORDENANZA+REGULADORA+DE+SUBVENCIONES.pdf
Convocatorias;Convocatorias de ayudas económicas destinadas al fomento del empleo. Ayudas a la contratación. Anualidad 2026. Programa Talento Joven.;CÁMARA DE COMERCIO DE MOTRIL;932674;Fomento del Empleo;Granada;31/12/2026;16964;https://camarademotril.es/programas/talento-joven/
Convocatorias;"Solicitud subvención nominativa del Ayuntamiento de San Carlos del Valle para ""Acondicionamiento de caminos""";DIPUTACIÓN PROV. DE CIUDAD REAL;932738;Otras Prestaciones económicas;Ciudad Real;07/09/2026;16704,74;https://dipucr.transparencialocal.gob.es/es_ES/buscar/contenido/articulo/articulo-30519-aprobacion-definitiva-de-modificacion-del-reglamento-regulador-del-plan-de-asistencia-economica-y-cooperacion-municipal
Convocatorias;"Solicitud subvención nominativa del Ayuntamiento de Arenas de San Juan para ""Acondicionamiento de caminos""";DIPUTACIÓN PROV. DE CIUDAD REAL;932740;Otras Prestaciones económicas;Ciudad Real;07/09/2026;16626,44;https://dipucr.transparencialocal.gob.es/es_ES/buscar/contenido/articulo/articulo-30519-aprobacion-definitiva-de-modificacion-del-reglamento-regulador-del-plan-de-asistencia-economica-y-cooperacion-municipal
Convocatorias;"Solicitud subvención nominativa del Ayuntamiento de Horcajo de los Montes para ""Acondicionamiento camino La Chorrera""";DIPUTACIÓN PROV. DE CIUDAD REAL;932719;Otras Prestaciones económicas;Ciudad Real;06/08/2026;16185,15;https://dipucr.transparencialocal.gob.es/es_ES/buscar/contenido/articulo/articulo-30519-aprobacion-definitiva-de-modificacion-del-reglamento-regulador-del-plan-de-asistencia-economica-y-cooperacion-municipal
Convocatorias;"RESOLUCIÓN de 28 de septiembre de 2026 del Vicerrector de Estudiantes, Estudio y Docencia por la que se autoriza el gasto y aprueba la Convocatoria del Programa ""Becas-Prácticas Fundación ONCE-CRUE 2026-2027"", en régimen competitiva.";UNIVERSIDAD DE OVIEDO;932515;Educación;Asturias;31/10/2026;16000;https://sede.asturias.es/bopa/2014/10/31/2014-17539.pdf
Convocatorias;"CONVOCATORIA ""Fomento del emprendimiento y autoempleo 2026"" (ATA-CV)";DIPUTACIÓN PROV. DE VALENCIA;932482;Fomento del Empleo;Valencia / València;30/12/2026;15500;https://www.dival.es/sites/default/files/portal-de-transparencia/2024%2012%2004%20OGS.%20Consolidada.2025.CAS_.pdf
Convocatorias;Convenio con la Universidad de Córdoba para la ejecución del Proyecto de igualdad a través de las actividades de la Cátedra de Estudios de las Mujeres Leonor de Guzmán;DIPUTACIÓN PROV. DE CÓRDOBA;932502;Servicios Sociales y Promoción Social;Córdoba;—;15000;https://dipucordoba.es/contenido-de-area/presupuesto-general-diputacion-de-cordoba/
Convocatorias;GC Subvención directa a la MANCOMUNIDAD DE AYUNTAMIENTOS DEL NORTE DE GRAN CANARIA para el proyecto denominado “Estudio y revalorización de los residuos generados por la pica del plátano en el Norte de Gran Canaria”;CABILDO INSULAR DE GRAN CANARIA;932517;Otras Prestaciones económicas;Gran Canaria;—;15000;https://cabildogc.grancanaria.com/documents/10180/11297340/Ordenanza+General+de+Subvenciones+del+Cabildo+de+Gran+Canaria/33077d88-3822-4049-bca7-af8199d49ef4
Convocatorias;CONVENIO COLABORACION ENTRE EL ILMO AYTO DE DON BENITO CON EL AMPA CEIP DONOSO CORTES;DON BENITO;932571;Educación;Badajoz;—;15000;
Convocatorias;Acondicionamiento de edificio municipal calle Real, 1. Bascuñana de San Pedro. Subvención Nominativa Inversiones Municipales;DIPUTACIÓN PROV. DE CUENCA;932616;Infraestructuras;Cuenca;31/10/2027;15000;https://www.dipucuenca.es/documents/12423/560665/ORDENANZA+REGULADORA+DE+SUBVENCIONES.pdf
Convocatorias;Actuaciones en centro social polivalente en Cardenete. Subvención Nominativa Inversiones Municipales;DIPUTACIÓN PROV. DE CUENCA;932620;Infraestructuras;Cuenca;31/10/2027;15000;https://www.dipucuenca.es/documents/12423/560665/ORDENANZA+REGULADORA+DE+SUBVENCIONES.pdf
Convocatorias;CONSOLIDACIÓN DE COBERTURA DE CUBIERTA Y OTRAS ACTUACIONES DE OBRA EN CENTRO SOCIAL ANTIGUA IGLESIA DE SAN MARTÍN OBISPO MAZARULLEQUE EN VALLE DE ALTOMIRA. Subvención Nominativa Inversiones Municipales;DIPUTACIÓN PROV. DE CUENCA;932621;Infraestructuras;Cuenca;31/10/2027;15000;https://www.dipucuenca.es/documents/12423/560665/ORDENANZA+REGULADORA+DE+SUBVENCIONES.pdf
Convocatorias;Luminarias en Fuente Nava de Jábaga. Subvención Nominativa Inversiones Municipales;DIPUTACIÓN PROV. DE CUENCA;932626;Infraestructuras;Cuenca;31/10/2027;15000;https://www.dipucuenca.es/documents/12423/560665/ORDENANZA+REGULADORA+DE+SUBVENCIONES.pdf
Convocatorias;CONVENIO DE COLABORACIÓN ENTRE LA EXCMA. DIPUTACIÓN PROVINCIAL DE SALAMANCA Y LA ASOCIACIÓN DE FAMILIARES DE ENFERMOS DE ALZHEIMER DE BÉJAR Y COMARCA (AFABECO). AÑO 2026;DIPUTACIÓN PROV. DE SALAMANCA;932649;Servicios Sociales y Promoción Social;Salamanca;21/04/2026;15000;http://www.lasalina.es/presidencia/informacion/normativa/ordenanzasyreglamentos/presidencia/index.html
Convocatorias;SUBVENCIÓN NIJAR ACTIVA 2026;NÍJAR;932688;Servicios Sociales y Promoción Social;Almería;—;15000;"https://app.dipalme.org/bop/publico.zul;"
Convocatorias;SUBVENCIÓN ASOCIACIÓN CULTURAL NIJAR 2026;NÍJAR;932701;Cultura;Almería;—;15000;"https://app.dipalme.org/bop/publico.zul;"
Convocatorias;"Solicitud subvención nominativa del Ayuntamiento de Brazatortas para ""Adquisición Biotrituradora y Aparatos Gimnasio Municipal""";DIPUTACIÓN PROV. DE CIUDAD REAL;932726;Otras Prestaciones económicas;Ciudad Real;06/08/2026;15000;https://dipucr.transparencialocal.gob.es/es_ES/buscar/contenido/articulo/articulo-30519-aprobacion-definitiva-de-modificacion-del-reglamento-regulador-del-plan-de-asistencia-economica-y-cooperacion-municipal
Convocatorias;"GC Subvencion nominativa 2026 Marco Estrategico por la Igualdad Gran Canaria Infinita. Ayuntamiento de Arucas. Proyecto: ""Arucas ciudad diversamente igualitaria"".";CABILDO INSULAR DE GRAN CANARIA;932550;Servicios Sociales y Promoción Social;Gran Canaria;—;14707,54;https://cabildogc.grancanaria.com/documents/10180/11297340/Ordenanza+General+de+Subvenciones+del+Cabildo+de+Gran+Canaria/33077d88-3822-4049-bca7-af8199d49ef4
Convocatorias;"GC Subvencion nominativa 2026 Marco Estrategico por la Igualdad Gran Canaria Infinita Ayuntamiento Galdar. ""Proyecto: Gáldar Infinita 2026"".";CABILDO INSULAR DE GRAN CANARIA;932686;Servicios Sociales y Promoción Social;Gran Canaria;—;14458,16;https://cabildogc.grancanaria.com/documents/10180/11297340/Ordenanza+General+de+Subvenciones+del+Cabildo+de+Gran+Canaria/33077d88-3822-4049-bca7-af8199d49ef4
Convocatorias;"GC Subvencion nominativa 2026 Marco Estrategico por la Igualdad Gran Canaria Infinita. Ayuntamiento de Agaete. Proyecto:""Agaete, sembrando igualdad"".";CABILDO INSULAR DE GRAN CANARIA;932540;Servicios Sociales y Promoción Social;Gran Canaria;—;14137,53;https://cabildogc.grancanaria.com/documents/10180/11297340/Ordenanza+General+de+Subvenciones+del+Cabildo+de+Gran+Canaria/33077d88-3822-4049-bca7-af8199d49ef4
Convocatorias;Anuncio concesión subvenciones, en régimen de concurrencia competitiva, para entidades culturales y sociales municipio de Alcanar (ejercicio 2026);ALCANAR;932609;Cultura;ESPAÑA;27/11/2026;14000;https://www.boe.es/eli/es/l/2003/11/17/38/con
Convocatorias;Bases reguladoras para el otorgamiento de las Becas del Lycée Bel Air de los cursos escolares 2026-2027, 2027-2028 i 2028-2029 y de la convocatòria de las becas del Lycée Bel Air del curso 2026-2027.;SANT PERE DE RIBES;932506;Educación;Barcelona;—;13900;https://www.santperederibes.cat/municipi/educacio/beques-i-ajuts
Convocatorias;"GC Subvencion nominativa 2026 Marco Estratégico por la Igualdad Gran Canaria Infinita. Ayuntamiento de La Aldea de San Nicolas. Proyecto: ""Enclave Violeta II"".";CABILDO INSULAR DE GRAN CANARIA;932543;Servicios Sociales y Promoción Social;Gran Canaria;—;13781,28;https://cabildogc.grancanaria.com/documents/10180/11297340/Ordenanza+General+de+Subvenciones+del+Cabildo+de+Gran+Canaria/33077d88-3822-4049-bca7-af8199d49ef4
Convocatorias;GC Subvencion nominativa 2026 Marco Estrategico por la Igualdad Gran Canaria Infinita Ayuntamiento Firgas. Proyecto: FilosofArte para crecer en igualdad.;CABILDO INSULAR DE GRAN CANARIA;932552;Servicios Sociales y Promoción Social;Gran Canaria;—;13603,15;https://cabildogc.grancanaria.com/documents/10180/11297340/Ordenanza+General+de+Subvenciones+del+Cabildo+de+Gran+Canaria/33077d88-3822-4049-bca7-af8199d49ef4
Convocatorias;"GC Subvención nominativa 2026 Marco Estratégico por la Igualdad Gran Canaria Infinita. Ayuntamiento de Artenara. Proyecto: ""La igualdad ocupa su lugar en Artenara"".";CABILDO INSULAR DE GRAN CANARIA;932545;Otras Prestaciones económicas;Gran Canaria;—;13531,9;https://cabildogc.grancanaria.com/documents/10180/11297340/Ordenanza+General+de+Subvenciones+del+Cabildo+de+Gran+Canaria/33077d88-3822-4049-bca7-af8199d49ef4
Convocatorias;CONVENIO DE COLABORACIÓN ENTRE LA EXCMA. DIPUTACIÓN PROVINCIAL DE SALAMANCA Y LA FUNDACION “AVIVA”. AÑO 2026.;DIPUTACIÓN PROV. DE SALAMANCA;932572;Servicios Sociales y Promoción Social;Salamanca;14/04/2026;13000;http://www.lasalina.es/presidencia/informacion/normativa/ordenanzasyreglamentos/presidencia/index.html
Convocatorias;Concesión de ayuda de Emergencia Humanitaria de Cooperacion Internacional 2026;BURLADA/BURLATA;932613;Servicios Sociales y Promoción Social;COMUNIDAD FORAL DE NAVARRA;31/12/2026;13000;
Convocatorias;"Solicitud subvención nominativa de EATIM El Hoyo para ""Acondicionamiento de caminos""";DIPUTACIÓN PROV. DE CIUDAD REAL;932744;Otras Prestaciones económicas;Ciudad Real;07/09/2026;13000;https://dipucr.transparencialocal.gob.es/es_ES/buscar/contenido/articulo/articulo-30519-aprobacion-definitiva-de-modificacion-del-reglamento-regulador-del-plan-de-asistencia-economica-y-cooperacion-municipal
Convocatorias;"Solicitud subvención nominativa de Ayuntamiento de Retuerta del Bullaque para ""Acondicionamiento de Caminos""";DIPUTACIÓN PROV. DE CIUDAD REAL;932730;Otras Prestaciones económicas;Ciudad Real;10/09/2026;12718,22;https://dipucr.transparencialocal.gob.es/es_ES/buscar/contenido/articulo/articulo-30519-aprobacion-definitiva-de-modificacion-del-reglamento-regulador-del-plan-de-asistencia-economica-y-cooperacion-municipal
Convocatorias;CONVENIO NOMINATIVO ENTRE LA FEDERACIÓN DE PERSONAS SORDAS DE LA COMUNIDAD VALENCIANA (FESORD CV) Y EL IMSSE ANUALIDAD 2026;ELDA;932488;Servicios Sociales y Promoción Social;Alicante / Alacant;31/10/2026;12050;https://www.elda.es/servicios-sociales/subvenciones-y-convenios/
Convocatorias;CONVENIO NOMINATIVO ENTRE AMFI Y EL IMSSE ANUALIDAD 2026;ELDA;932490;Servicios Sociales y Promoción Social;Alicante / Alacant;31/10/2026;12050;https://www.elda.es/servicios-sociales/subvenciones-y-convenios/
Convocatorias;Convocatoria para el otorgamiento de ayudas económicas en régimen de concurrencia competitiva al alumnado matriculado en la Escuela Municipal de Música Can Roig i Torres de Santa Coloma de Gramenet, correspondiente al curso 2026-2027;SANTA COLOMA DE GRAMENET;932419;Educación;CATALUÑA;19/10/2026;12000;https://bop.diba.cat/anunci/3458413
Convocatorias;Premios de proyectos intermodulares en la formación profesional del sistema educativo, correspondientes al curso 2025-2026, en centros educativos de la Comunidad Autónoma de Cantabria.;CANTABRIA;932426;Educación;Cantabria;—;12000;https://boc.cantabria.es/boces/verAnuncioAction.do?idAnuBlob=437212
Convocatorias;subvención nominativa CLUB VOLEIBOL BALAFIA LLEIDA con el fin de cubrir los gastos de participación en la Superliga Masculina 2, año 2026.;LLEIDA;932429;Cultura;ESPAÑA;—;12000;https://web.paeria.cat/paeria/pressupostos/2026/annex_subvencions_nominatives_2026_cas.pdfju
Convocatorias;SUBVENCIÓN A ASOCIACIÓN NUEVO RUMBO 2026;NÍJAR;932604;Servicios Sociales y Promoción Social;Almería;—;12000;"https://app.dipalme.org/bop/publico.zul;"
Convocatorias;SUBV. FUNDACION CANARIA CENTRO DE ATENCION A LA FAMILIA;ROSARIO, EL;932639;Servicios Sociales y Promoción Social;Tenerife;—;12000;http://www.bopsantacruzdetenerife.org/2020/01/008/Ar
Convocatorias;Subvención excluida de concurrencia pública en el ámbito del patrimonio cultural - UPC-ETSAV;CATALUÑA;932683;Cultura;CATALUÑA;—;12000;https://economia.gencat.cat/ca/ambits-actuacio/ajuts-subvencions/plans-estrategics/
Convocatorias;Resolución por la cual se concede una subvención directa nominativa a la Real Academia de Ciencias Económicas y Financieras para financiar gastos derivados del desarrollo de actividades para la visibilización social de la Academia para el 2026;CATALUÑA;932651;Justicia;CATALUÑA;—;11800;https://economia.gencat.cat/ca/ambits-actuacio/ajuts-subvencions/plans-estrategics/
Convocatorias;Convenio de colaboración entre el Ayuntamiento de la Sénia y la Federación de Comerciantes del Mueble de la Sénia (FECOMS);SÉNIA, LA;932559;Comercio, Turismo y Pymes;Tarragona;31/12/2026;11400;https://seu-e.cat/ca/web/lasenia/govern-obert-i-transparencia/contractes-convenis-i-subvencions/convenis-i-subvencions/convenis-de-col-laboracio
Convocatorias;"Solicitud subvención nominativa de Ayuntamiento de Granátula de Calatrava para ""Acondicionamiento de caminos""";DIPUTACIÓN PROV. DE CIUDAD REAL;932735;Otras Prestaciones económicas;Ciudad Real;10/09/2026;11257,04;https://dipucr.transparencialocal.gob.es/es_ES/buscar/contenido/articulo/articulo-30519-aprobacion-definitiva-de-modificacion-del-reglamento-regulador-del-plan-de-asistencia-economica-y-cooperacion-municipal
Convocatorias;"Solicitud subvención nominativa del Ayuntamiento de Terrinches para ""Acondicionamiento de caminos""";DIPUTACIÓN PROV. DE CIUDAD REAL;932746;Otras Prestaciones económicas;Ciudad Real;07/09/2026;11065,64;https://dipucr.transparencialocal.gob.es/es_ES/buscar/contenido/articulo/articulo-30519-aprobacion-definitiva-de-modificacion-del-reglamento-regulador-del-plan-de-asistencia-economica-y-cooperacion-municipal
Convocatorias;"Solicitud subvención nominativa de EATIM Cinco Casas para ""Acondicionamiento de caminos""";DIPUTACIÓN PROV. DE CIUDAD REAL;932729;Otras Prestaciones económicas;Ciudad Real;10/09/2026;11030,84;https://dipucr.transparencialocal.gob.es/es_ES/buscar/contenido/articulo/articulo-30519-aprobacion-definitiva-de-modificacion-del-reglamento-regulador-del-plan-de-asistencia-economica-y-cooperacion-municipal
Convocatorias;Resolución por la cual se concede una subvención directa nominativa a la Academia Catalana de Gastronomía y Nutrición para financiar gastos derivados del desarrollo de actividades para la visibilización social de la Academia para el ejercicio 2026;CATALUÑA;932638;Justicia;CATALUÑA;—;11029,58;https://economia.gencat.cat/ca/ambits-actuacio/ajuts-subvencions/plans-estrategics/
Convocatorias;Convenio subvención Comisión de Fiestas 2026 Jesús Pobre;JESÚS POBRE, ENTIDAD LOCAL MENOR;932468;Cultura;Alicante / Alacant;31/12/2026;11000;https://jesuspobre.es/
Convocatorias;Solicitud Subvención Nominativa del Ayuntamiento de Ruidera para Mejora accesibilidad y equipamientos.;DIPUTACIÓN PROV. DE CIUDAD REAL;932733;Otras Prestaciones económicas;Ciudad Real;10/09/2026;11000;https://dipucr.transparencialocal.gob.es/es_ES/buscar/contenido/articulo/articulo-30519-aprobacion-definitiva-de-modificacion-del-reglamento-regulador-del-plan-de-asistencia-economica-y-cooperacion-municipal
Convocatorias;"Solicitud subvención nominativa del Ayuntamiento de Santa Cruz de los Cáñamos para ""Acondicionamiento de caminos""";DIPUTACIÓN PROV. DE CIUDAD REAL;932736;Otras Prestaciones económicas;Ciudad Real;—;10869,02;https://dipucr.transparencialocal.gob.es/es_ES/buscar/contenido/articulo/articulo-30519-aprobacion-definitiva-de-modificacion-del-reglamento-regulador-del-plan-de-asistencia-economica-y-cooperacion-municipal
Convocatorias;"Solicitud subvención nominativa del Ayuntamiento de Los Pozuelos de Calatrava para ""Acondicionamiento de caminos""";DIPUTACIÓN PROV. DE CIUDAD REAL;932741;Otras Prestaciones económicas;Ciudad Real;07/09/2026;10634,12;https://dipucr.transparencialocal.gob.es/es_ES/buscar/contenido/articulo/articulo-30519-aprobacion-definitiva-de-modificacion-del-reglamento-regulador-del-plan-de-asistencia-economica-y-cooperacion-municipal
Convocatorias;"Solicitud subvención nominativa del Ayuntamiento de Cabezarados para ""Acondicionamiento de caminos""";DIPUTACIÓN PROV. DE CIUDAD REAL;932732;Otras Prestaciones económicas;Ciudad Real;10/09/2026;10047,6;https://dipucr.transparencialocal.gob.es/es_ES/buscar/contenido/articulo/articulo-30519-aprobacion-definitiva-de-modificacion-del-reglamento-regulador-del-plan-de-asistencia-economica-y-cooperacion-municipal
Convocatorias;GC Subvención directa a FUNDACIÓN CANARIA PEQUEÑO VALIENTE para el proyecto “Actividades de ocio y tiempo libre”;CABILDO INSULAR DE GRAN CANARIA;932513;Otras actuaciones de carácter económico;Gran Canaria;—;10000;https://cabildogc.grancanaria.com/documents/10180/11297340/Ordenanza+General+de+Subvenciones+del+Cabildo+de+Gran+Canaria/33077d88-3822-4049-bca7-af8199d49ef4
Convocatorias;CONVENIO COLABORACION ENTRE EL ILMO AYTO DE DON BENITO Y LA ASOCIACIACION APREXS;DON BENITO;932528;Servicios Sociales y Promoción Social;Badajoz;—;10000;
Convocatorias;CONVENIO DE COLABORACIÓN ENTRE EL AYUNTAMIENTO DE SANTIAGO DE COMPOSTELA Y LA ASOCIACIÓN GALEGA DE ASPERGER (ASPERGA) 2026;SANTIAGO DE COMPOSTELA;932577;Servicios Sociales y Promoción Social;A Coruña;31/12/2026;10000;
Convocatorias;Resolución de la Alcaldía nº 3938 de 15 de septiembre - Convocatoria de ayudas económicas a las asociaciones juveniles y entidades prestadoras de servicios a la juventud de Mislata para el desarrollo de programas y/o actividades durante el año 2026;MISLATA;932598;Cultura;Valencia / València;—;10000;https://www.mislata.es/sites/default/files/2026/Transparencia/Econ%C3%B3mica/Subvenciones/2835610Y%20ASOC.%20JUVENILES/Convocatoria%20-%20Subvenciones%20a%20las%20asociaciones%20juveniles%20pa.pdf
Convocatorias;Expediente 2722180F: SUBVENCION NOMINATIVA AECO 2026;PICASSENT;932637;Industria y Energía;Valencia / València;17/12/2026;10000;https://bop.dival.es/bop/
Convocatorias;RESOLUCIÓN de 23 de septiembre de 2026, por la que se regula y concede una subvención directa a la Asociación para la Promoción de la Cultura y Moda Valenciana (ACUMOVA).;COMUNITAT VALENCIANA;932648;Otras Prestaciones económicas;COMUNIDAD VALENCIANA;21/10/2026;10000;https://dogv.gva.es/es/resultat-dogv?signatura=2026/25581
Convocatorias;RESOLUCIÓN de 22 de septiembre de 2026, por la que se regula y se concede una subvención directa a la Asociación de Diseñadores de la Comunitat Valenciana (ADCV).;COMUNITAT VALENCIANA;932662;Otras Prestaciones económicas;COMUNIDAD VALENCIANA;21/10/2026;10000;https://dogv.gva.es/es/resultat-dogv?signatura=2026/25581
Convocatorias;SUBVENCIÓN A RESIDENCIA SAN RAFAEL 2026;NÍJAR;932687;Servicios Sociales y Promoción Social;Almería;—;10000;"https://app.dipalme.org/bop/publico.zul;"
Convocatorias;Convenio con el Club Deportivo Polideportivo Peñarroya-Pueblonuevo para la ejecución del proyecto Participación equipo federado en la competición deportiva Tercera FEB conferencia sur grupo D-B durante la temporada deportiva 2025/2026;DIPUTACIÓN PROV. DE CÓRDOBA;932707;Otras actuaciones de carácter económico;Córdoba;—;10000;https://dipucordoba.es/contenido-de-area/presupuesto-general-diputacion-de-cordoba/
Convocatorias;CONV. ASOC. CULTURAL TAURINA EGATAURO;DIPUTACIÓN PROV. DE CÓRDOBA;932747;Agricultura, Pesca y Alimentación;Córdoba;18/07/2026;10000;https://sede.eprinsa.es/diputacion
Convocatorias;Convocatoria Pyme Global 2026 -Visita Feria World Travel MArket para empresas de la Provincia de Cádiz;CÁMARA DE COMERCIO DE JEREZ;932451;Otras actuaciones de carácter económico;Cádiz;16/10/2026;9442,75;https://camarajerez.es/visita-a-feria-WTM-2026
Convocatorias;Prestaciones Económicas Municipales Bloque 2026061566;SAN CRISTÓBAL DE LA LAGUNA;932672;Servicios Sociales y Promoción Social;Tenerife;—;9196,12;
Convocatorias;CONVENIO DE COLABORACIÓN ENTRE EL AYUNTAMIENTO DE SANTIAGO DE COMPOSTELA Y LA ASOCIACIÓN ITINERA DE VOLUNTARIOS EN SAÚDE MENTAL 2026;SANTIAGO DE COMPOSTELA;932690;Servicios Sociales y Promoción Social;A Coruña;31/01/2026;9000;
Convocatorias;SUBVENCIÓN PEÑA REAL MADRID NIJAR 2026;NÍJAR;932692;Otras Prestaciones económicas;Almería;—;8850;"https://app.dipalme.org/bop/publico.zul;"
Convocatorias;"Solicitud subvención nominativa del Ayuntamiento de Caracuel de Calatrava para ""Acondicionamiento de caminos""";DIPUTACIÓN PROV. DE CIUDAD REAL;932739;Otras Prestaciones económicas;Ciudad Real;07/09/2026;8268,2;https://dipucr.transparencialocal.gob.es/es_ES/buscar/contenido/articulo/articulo-30519-aprobacion-definitiva-de-modificacion-del-reglamento-regulador-del-plan-de-asistencia-economica-y-cooperacion-municipal
Convocatorias;Subvención a la Asociación de Empresarios de la Sierra de Guara para actividades de promoción turística del destino Sierra de Guara;DIPUTACIÓN PROV. DE HUESCA;932432;Comercio, Turismo y Pymes;Huesca;—;8031,17;https://diputaciondehuesca.transparencialocal.gob.es/es_ES/categoria/normativa
Convocatorias;PROGRAMA VACACIONES EN PAZ;BILBAO;932703;Cooperación internacional para el desarrollo y cultural;Bizkaia;—;8000;https://www.bizkaia.eus/lehendakaritza/Bao_bob/2025/12/31/II-7299_cas.pdf
Convocatorias;Convocatoria ayudas individuales estudiantes del municipio - curso 2026-2027;LLORAC;932566;Educación;CATALUÑA;—;7500;https://www.dipta.cat/bopt/web/anunci/302265/bases-per-a-la-concessio-d-ajuts-individuals-per-als-estudiants-per-les-despeses-d-adquisicio-de-llibres-matricula-transport-i-altres-aprovacio-definitiva-ajuntament-llorac
Convocatorias;Convenio de cooperación educativa CCUC Khadija del 15-09-26 al 18-06-27;CATALUÑA;932691;Educación;CATALUÑA;—;7500;https://economia.gencat.cat/ca/ambits-actuacio/ajuts-subvencions/plans-estrategics/
Convocatorias;Convenio de colaboración entre el Ayuntamiento de la Sénia y el Colectivo de empresarios del mueble de la noria (CEMS);SÉNIA, LA;932557;Comercio, Turismo y Pymes;Tarragona;31/12/2026;7200;https://seu-e.cat/ca/web/lasenia/govern-obert-i-transparencia/contractes-convenis-i-subvencions/convenis-i-subvencions/convenis-de-col-laboracio
Convocatorias;Convenio con la Fundación Centro Español de Solidaridad de Córdoba (CESCO) para la ejecución del proyecto V Cross solidario entre castillos 2026;DIPUTACIÓN PROV. DE CÓRDOBA;932516;Otras actuaciones de carácter económico;Córdoba;—;7000;https://dipucordoba.es/contenido-de-area/presupuesto-general-diputacion-de-cordoba/
Convocatorias;Convenio de colaboración entre en Ayuntamiento de la Sénia y la Federación de Comerciantes de la Sénia (FECOSE);SÉNIA, LA;932560;Comercio, Turismo y Pymes;Tarragona;31/12/2026;7000;https://seu-e.cat/ca/web/lasenia/govern-obert-i-transparencia/contractes-convenis-i-subvencions/convenis-i-subvencions/convenis-de-col-laboracio
Convocatorias;CONVENIO REGULADOR DE SUBVENCIÓN PREVISTA EN LA PARTIDA DE SANIDAD - AYUNTAMIENTO DE TALAVERA DE LA REINA A FAVOR DE LA UNIVERSIDAD DE CASTILLA-LA MANCHA CON DESTINO A OFRECER INFORMACIÓN A LOS CIUDADANOS SOBRE LOS NIVELES POLINICOS DE LA CIUDAD 2026;TALAVERA DE LA REINA;932607;Sanidad;Toledo;31/12/2026;7000;
Convocatorias;CONVOCATORIA DE LAS SUBVENCIONES PARA EL FOMENTO DEL DEPORTE DEL MUNICIPIO DE BREÑA BAJA, ANUALIDAD 2026.;BREÑA BAJA;932656;Otras actuaciones de carácter económico;La Palma;—;7000;https://www.bopsantacruzdetenerife.es/bopsc2/index.php
Convocatorias;Convocatoria de becas de colaboración para laboratorios y talleres. Facultad de Bellas Artes de Cuenca de la Universidad de Castilla la Mancha. Año 2026/27;UNIVERSIDAD DE CASTILLA-LA MANCHA;932492;Educación;CASTILLA LA MANCHA;08/10/2026;6989,97;https://bellasartesuclm.com/sin-categoria/becas-de-colaboracion-para-laboratorios-y-talleres/
Convocatorias;SUBVENCIÓN NOMINATIVA A LA ASOCIACIÓN COMISIÓN DE FESTEJOS DE GRANDAS DE SALIME;GRANDAS DE SALIME;932519;Cultura;Asturias;30/11/2026;6500;
Convocatorias;SUBVENCION EL CAU;VINARÒS;932421;Otras Prestaciones económicas;Castellón / Castelló;30/12/2026;6000;https://bop.dipcas.es/PortalBOP/
Convocatorias;Subvención directa a la asociación cultural San Juan Bautista para la programación cultural anual 2026;PERAL DE ARLANZA;932522;Cultura;Burgos;31/12/2026;6000;https://peraldenzaarla.sedelectronica.es
Convocatorias;CONVENIO DE SUBVENCIÓN NOMINATIVA ENTRE EL AYUNTAMIENTO DE LAS PALMAS DE GRAN CANARIA Y ASOCIACIÓN CULTURAL MUSICAL BARAHONA DESTINADO A SUFRAGAR GASTOS GENERALES DEL PROYECTO EN TU PATIO O EN EL MÍO.;PALMAS DE GRAN CANARIA, LAS;932541;Cultura;Gran Canaria;—;6000;
Convocatorias;DECRETO 3980/2025 CONVENIO COLABORACIÓN CLUB ATLÉTICO DE PALMA DEL RÍO ORGANIZACION TORNEO AMPUTADOS.-;PALMA DEL RÍO;932583;Servicios Sociales y Promoción Social;Córdoba;14/12/2025;6000;https://bop.dipucordoba.es/visor-pdf/04-02-2026/BOP-A-2026-247.pdf
Convocatorias;"Bases reguladoras y convocatoria de las becas ""Tolosa un pueblo creativo"" para el fomento de la creatividad en el municipio de Tolosa 2026";TOLOSA;932594;Cultura;Gipuzkoa;—;6000;https://udala.tolosa.eus/sites/default/files/UEX000651970000001200000001Oinarriak_azkena%281%29.pdf
Convocatorias;Convocatoria para la concesión de ayudas económicas, de carácter individual, para la adquisición de libros y material escolar para el alumnado de Les Piles, cursos 2025-2026 y 2026-2027;PILES, LES;932605;Educación;Tarragona;—;6000;
Convocatorias;Resolución rectoral por la que se convocan Premios GirlGeekPower de la Cátedra de Feminismos 4.0 DEPO-UVigo, curso 2026/2027;UNIVERSIDAD DE VIGO;932608;Educación;GALICIA;19/10/2026;6000;https://secretaria.uvigo.gal/uv/web/convocatoria/public/show/1937
Convocatorias;SUBVENCIÓN CLUB DE FÚTBOL COMARCA DE NÍJAR 2026;NÍJAR;932689;Otras Prestaciones económicas;Almería;—;6000;"https://app.dipalme.org/bop/publico.zul;"
Convocatorias;SUBVENCIÓN CRISTO DE LOS DESAMPARADOS 2026;NÍJAR;932699;Cultura;Almería;—;6000;"https://app.dipalme.org/bop/publico.zul;"
Convocatorias;"SUBV. DIRECTA EXCEPCIONAL A FAVOR DE LA HDAD. NTRA. SRA. DE FÁTIMA, PROYECTO ""CONCIERTO CONMEMORATIVO 75 ANIVERSARIO""";MÁLAGA;932635;Cultura;Málaga;—;5956,5;https://www.pap.hacienda.gob.es/bdnstrans/GE/es/inicio
Convocatorias;CONVOCATORIA SUBVENCION MATERIAL ESCOLAR ALUMNADO DEL CEIP SAN ANTONIO DE VILLANUEVA DE DUERO CURSO 2026-2027;VILLANUEVA DE DUERO;932489;Educación;Valladolid;—;5831,2;https://villanuevadeduero.sedelectronica.es/catalog/t/a96835f4-5214-4258-8d8b-47439196226b
Convocatorias;Premios Extraordinarios de Formación Profesional de Grado Básico, correspondientes al curso 2024/2025, en la Comunidad Autónoma de Cantabria.;CANTABRIA;932423;Educación;Cantabria;—;5700;https://boc.cantabria.es/boces/verAnuncioAction.do?idAnuBlob=440020
Convocatorias;CONVENIO DE COLABORACION ENTRE EL AYUNTAMIENTO DE BEASAIN Y MURUMENDI PELOTAZALE ELKARTEA;BEASAIN;932652;Otras Prestaciones económicas;Gipuzkoa;31/12/2026;5457;https://www.beasain.eus/es/dirulaguntzen-plan-estrategikoa-2/7351-plan-estrategico-de-subvenciones-2026-2028
Convocatorias;Subvencion nominativa a favor de HAUSPOZ EUSKAL HERRIKO AKORDEOI ELKARTEA;ZARAUTZ;932538;Cultura;Gipuzkoa;—;5350;https://www.zarautz.eus/documents/2952655/44440752/Subvenciones+Bases+2026.pdf/278c0a44-5124-960c-6efe-cb4d1a071060?t=1776253060951
Convocatorias;Subvención nominativa a favor de ZARAUTZON;ZARAUTZ;932695;Cultura;Gipuzkoa;—;5350;https://www.zarautz.eus/documents/2952655/44440752/Subvenciones+Bases+2026.pdf/278c0a44-5124-960c-6efe-cb4d1a071060?t=1776253060951
Convocatorias;Arreglo instalaciones deportivas colegio de Buendia fase II. Subvención Nominativa Inversiones Municipales pago de remanentes POS 2023/24;DIPUTACIÓN PROV. DE CUENCA;932573;Infraestructuras;Cuenca;31/03/2027;5300;https://www.dipucuenca.es/documents/12423/560665/ORDENANZA+REGULADORA+DE+SUBVENCIONES.pdf
Convocatorias;CONVENIO ENTRE LA COMARCA DEL JILOCA Y LA AGRUPACIÓN TUROLENSE DE ASOCIACIONES DE PERSONAS CON DISCAPACIDAD INTELECTUAL (ATADI) PARA LA INSERCIÓN Y EL DESARROLLO SOCIO-PERSONAL DE LAS PERSONAS CON DISCAPACIDAD INTELECTUAL 2026.;COMARCA DE JILOCA;932440;Servicios Sociales y Promoción Social;Teruel;31/12/2026;5000;https://jiloca.sedelectronica.es/info.0
Convocatorias;SUBVENCIÓN NOMINATIVA CONVENIO CON LA ASOCIACIÓN ASOCIACIÓN ALMAMAR. PROYECTO “CRIANZA Y FAMILIAS EN UNA NUEVA REALIDAD”.;DIPUTACIÓN PROV. DE CÓRDOBA;932441;Servicios Sociales y Promoción Social;Córdoba;16/09/2026;5000;https://ipbscordoba.es/subvenciones
Convocatorias;Subvención nominativa a favor de la entidad Unió General de Treballadores i Treballadors de Catalunya.;GRANOLLERS;932452;Otras actuaciones de carácter económico;Barcelona;—;5000;https://seuelectronica.granollers.cat/portal/sede/RecursosWeb/DOCUMENTOS/1/0_8977_1.pdf
Convocatorias;Convocatoria de premios a trabajos fin de grado y trabajos fin de máster en inteligencia del dato. Cátedra Institucional de Inteligencia del Dato. Universidad de Castilla-La Mancha. Curso académico 2025-2026;UNIVERSIDAD DE CASTILLA-LA MANCHA;932470;Educación;CASTILLA LA MANCHA;26/10/2026;5000;https://blog.uclm.es/catedrainteligenciadato/premios/
Convocatorias;Convenio subvención Asociación de Vecinos y Vecinas de Jesús Pobre 2026;JESÚS POBRE, ENTIDAD LOCAL MENOR;932472;Cultura;Alicante / Alacant;31/12/2026;5000;https://jesuspobre.es/
Convocatorias;RESOLUCION DECRETO SUBVENCION EXCEPCIONAL AYUNTAMIENTO CAÑETE DE LAS TORRES;DIPUTACIÓN PROV. DE CÓRDOBA;932509;Otras Prestaciones económicas;Córdoba;27/06/2026;5000;https://sede.eprinsa.es/turiscordoba/tramites
Convocatorias;CONVENIO COLABORACION ENTRE EL ILMO AYTO DE DON BENITO Y LA ASOC. LGTBI+ DON BENITO ORGULLOSA;DON BENITO;932596;Servicios Sociales y Promoción Social;Badajoz;—;5000;
Convocatorias;SUBV. CLUB DEPORTIVO EFEUVELITE EL ROSARIO;ROSARIO, EL;932640;Otras actuaciones de carácter económico;Tenerife;—;5000;http://www.bopsantacruzdetenerife.org/2020/01/008/
Convocatorias;SUBVENCIÓN DIRECTA PARA LA FUNDACIÓN INTERNACIONAL SOLIDARIDAD SPORT PRIVADO PARA APOYAR EL PROYECTO EN TXAD Y SUDÁN DEL SUR;BEGUES;932693;Educación;Regiones o países no europeos, no contemplados en NUTS;31/12/2026;5000;https://tauler.seu-e.cat/detall?idEns=802070005&idEdicte=ANU20260930113327
Convocatorias;PREMIO JUANA FRANCÉS DE ARTES PLÁSTICAS Y VISUALES DENTRO DE LA VII EDICIÓN DE LOS PREMIOS A LA CREACIÓN DE LAS UNIVERSIDADES PÚBLICAS VALENCIANAS (PRECREA). Código línea de subvención: 10-423-4-2026-0064-S;UNIVERSIDAD MIGUEL HERNÁNDEZ DE ELCHE;932697;Cultura;Alicante / Alacant;—;5000;https://boumh.umh.es/files/2026/09/RR_02548_2026.pdf
Convocatorias;SUBVENCIÓN PARA LA FUNDACIÓN EMALAIKAT PARA APOYAR UN PROYECTO DE MEJORA EDUCATIVA EN EL CONDADO DE TOMBURA, SUDÁN DEL SUR;BEGUES;932700;Educación;Regiones o países no europeos, no contemplados en NUTS;31/12/2026;5000;https://tauler.seu-e.cat/detall?idEns=802070005&idEdicte=ANU20260930113521
Convocatorias;AYUDA DE EMERGENCIA AL PUEBLO DE BENGA (MALAWI);IGUALADA;932710;Cooperación internacional para el desarrollo y cultural;Barcelona;24/09/2026;5000;https://www.seu-e.cat/documents/28021/7611121/Ordenan%C3%A7a+general+de+subvencions+de+l%27Ajuntament+d%27Igualada/fe470dca-f977-4952-948f-fa0b8e5445fa
Convocatorias;Subvención Nominativa Jornadas Temáticas de 102 Aniversario Arte Rupestre. Ayuntamiento de Fuencaliente;DIPUTACIÓN PROV. DE CIUDAD REAL;932724;Otras Prestaciones económicas;Ciudad Real;25/09/2026;5000;https://dipucr.transparencialocal.gob.es/es_ES/buscar/contenido/articulo/articulo-30519-aprobacion-definitiva-de-modificacion-del-reglamento-regulador-del-plan-de-asistencia-economica-y-cooperacion-municipal
Convocatorias;CONVENIO DE COLABORACIÓN ENTRE LA EXCMA. DIPUTACIÓN PROVINCIAL DE SALAMANCA Y LA ASOCIACIÓN PARA LA LUCHA CONTRA LAS ENFERMEDADES DEL RIÑON, “ALCER”. AÑO 2026.;DIPUTACIÓN PROV. DE SALAMANCA;932612;Servicios Sociales y Promoción Social;Salamanca;17/04/2026;4875;http://www.lasalina.es/presidencia/informacion/normativa/ordenanzasyreglamentos/presidencia/index.html
Convocatorias;Resolución Concejal Delegado de Deportes, de 14 de septiembre de 2026, sobre concesión de subvención directa a la Peña Ajedrecística Oromana por la organización de la 52ª Semana Ajedrecística Alcalareña 2026.;ALCALÁ DE GUADAÍRA;932455;Otras actuaciones de carácter económico;Sevilla;—;4670;https://www.dipusevilla.es/bop/download-bop.pdf?id=e5f14a6a-c2ba-11e6-b7a4-0050569fe27b
Convocatorias;CONVENIO ENTRE LA COMARCA DEL JILOCA Y EL AYUNTAMIENTO DE CALAMOCHA PARA EL MANTENIMIENTO DE LA PISCINA CLIMATIZADA MUNICIPAL.;COMARCA DE JILOCA;932430;Otras Prestaciones económicas;Teruel;31/12/2026;4500;https://jiloca.sedelectronica.es/info.0
Convocatorias;SELECCIÓN DE PARTICIPANTES PARA ACTIVIDADES TRANSFORM4EUROPE 2026/ 27, 4ª EDICIÓN;UNIVERSIDAD DE ALICANTE;932551;Educación;ESPAÑA;21/10/2026;4494;https://www.boua.ua.es/Acuerdos/DescargarAcuerdo/69681
Convocatorias;CONVOCATORIA BESTRETA SUBVENCIO AMPA IES EL FOIX ANY 2026;SANTA MARGARIDA I ELS MONJOS;932563;Educación;Barcelona;31/12/2026;4300;https://bop.diba.cat/temp/12_022019022301.pdf
Convocatorias;Convenio Subvención CEIP Pare Pere de Jesús Pobre 2026;JESÚS POBRE, ENTIDAD LOCAL MENOR;932474;Cultura;Alicante / Alacant;31/12/2026;4000;https://jesuspobre.es/
Convocatorias;SUBVENCIÓN A HERMANAS MERCEDARIAS DE LA CARIDAD 2026;NÍJAR;932676;Servicios Sociales y Promoción Social;Almería;—;4000;"https://app.dipalme.org/bop/publico.zul;"
Convocatorias;SUBVENCIÓN A ASOCIACIÓN MÉDICOS DEL MUNDO 2026;NÍJAR;932685;Servicios Sociales y Promoción Social;Almería;—;4000;"https://app.dipalme.org/bop/publico.zul;"
Convocatorias;AYUDAS INDIVIDUALIZADAS AL TRANSPORTE ESCOLAR CURSO 25/26;CANARIAS;932463;Educación;CANARIAS;19/06/2026;3842,52;https://www.gobiernodecanarias.org/boc/2009/068/001.html
Convocatorias;CONVENIO ENTRE LA COMARCA DEL JILOCA Y EL AYUNTAMIENTO DE TORRALBA DE LOS SISONES PARA EL MANTENIMIENTO DE LA PISCINA CLIMATIZADA MUNICIPAL.;COMARCA DE JILOCA;932433;Otras Prestaciones económicas;Teruel;31/12/2026;3500;https://jiloca.sedelectronica.es/info.0
Convocatorias;Subvención nominativa a la Fundació Pro Musica Sacra de Granollers para el año 2026.;GRANOLLERS;932535;Cultura;Barcelona;—;3500;https://seuelectronica.granollers.cat/portal/sede/RecursosWeb/DOCUMENTOS/1/0_8977_1.pdf
Convocatorias;SUBVENCIÓN NOMINATIVA ASOCIACIÓN AGRUPACIÓN CULTURAL MUSICAL CORAL MALENA 2026;TARANCÓN;932704;Cultura;Cuenca;30/10/2026;3500;https://www.dipucuenca.es/documents/12423/396901/2008-08-22.pdf/061d8b50-bb6d-4073-bb8a-e1ae6e0f1228
Convocatorias;SUMINISTRO DE INFORMACIÓN A LA BDNS DE APROBACIÓN DE SUBVENCIÓN DE CONCESIÓN DIRECTA (CONVENIO 2026 AYUNTAMIENTO DE PLASENCIA Y LA ASOCIACIÓN AMIGOS MODELISTAS PLACENTINOS);PLASENCIA;932434;Otras Prestaciones económicas;Cáceres;02/10/2026;3000;https://bop.dip-caceres.es/bop/anuncio.html?csv=BOP-2026-4538
Convocatorias;CONVENIO COLABORACION ENTRE EL AYUNTAMIENTO DE DON BENITO Y LA ASOC. APREXS;DON BENITO;932499;Sanidad;Badajoz;—;3000;
Convocatorias;ASIGNACION GRUPO POLÍTICO MUNICIPAL CON ANDALUCIA IZQUIERDA UNIDA ALCALA DEL RIO-SAN IGNACIO DEL VIAR ESQUIVEL Y EL VIAR, AGOSTO 2026;ALCALÁ DEL RÍO;932520;Otras Prestaciones económicas;Sevilla;—;3000;https://gestiona-11.espublico.com/dossierh.101
Convocatorias;Subvención nominativa a la ASOCIACIÓN CULTURAL EL CARPIO 2026;GRANDAS DE SALIME;932534;Servicios Sociales y Promoción Social;Asturias;30/11/2026;3000;
Convocatorias;AYUDA EMERGENCIA TERREMOTO COLOMBIA;IGUALADA;932556;Cooperación internacional para el desarrollo y cultural;CATALUÑA;—;3000;https://www.seu-e.cat/documents/28021/7611121/Ordenan%C3%A7a+general+de+subvencions+de+l%27Ajuntament+d%27Igualada/fe470dca-f977-4952-948f-fa0b8e5445fa
Convocatorias;SUBVENCIÓN AL FONS CATALÀ DE COOPERACIÓPARA EL DESARROLLO POR EL PROYECTO 3873 PARA LA CREACIÓN E IMPLEMENTACIÓN DEL CENTRO COMUNITARIO DE SALUD MENTAL EN UPALA;BEGUES;932675;Sanidad;Regiones o países no europeos, no contemplados en NUTS;31/12/2026;3000;https://tauler.seu-e.cat/detall?idEns=802070005&idEdicte=ANU20260930113223
Convocatorias;CONVOCATORIA DE LAS SUBVENCIONES PARA COMPETICIONES EXTRAORDINARIAS PARA DEPORTISTAS Y CLUBES DEPORTIVOS DEL MUNICIPIO DE BREÑA BAJA. ANUALIDAD 2026.;BREÑA BAJA;932709;Otras Prestaciones económicas;La Palma;—;3000;https://www.bopsantacruzdetenerife.es/bopsc2/index.php
Convocatorias;CONVOCATORIA BESTRETA SUBVENCIO ASSOCIACIO GRUP JOVES DE LA RAPITA ANY 2026;SANTA MARGARIDA I ELS MONJOS;932564;Cultura;Barcelona;31/12/2026;2800;https://bop.diba.cat/temp/12_022019022301.pdf
Convocatorias;SUBVENCIÓN DEFENSA Y PROTECCIÓN DE CONSUMIDORES Y USUARIOS 2026;NÍJAR;932702;Comercio, Turismo y Pymes;Almería;—;2800;"https://app.dipalme.org/bop/publico.zul;"
Convocatorias;Aprobar el otorgamiento de una subvención nominativa a favor de la Escola Granullarius, para el desarrollo del proyecto: Adquisición material pedagógico socializado para el año 2026;GRANOLLERS;932504;Educación;Barcelona;—;2700;https://seuelectronica.granollers.cat/portal/sede/RecursosWeb/DOCUMENTOS/1/0_8977_1.pdf
Convocatorias;Quinta edición del “Premio a la Iniciativa para la Mejora de la Gestión Sostenible de los Residuos Urbanos” de la Cátedra Reciplasa de Gestión de Residuos Urbanos de la Universitat Jaume I de Castelló;UNIVERSIDAD JAUME I DE CASTELLÓN;932507;Educación;COMUNIDAD VALENCIANA;—;2500;
Convocatorias;ASIGNACION GRUPO POLÍTICO MUNICIPAL PSOE, AGOSTO 2026;ALCALÁ DEL RÍO;932525;Otras Prestaciones económicas;Sevilla;—;2400;https://gestiona-11.espublico.com/dossierh.101
Convocatorias;AYUDAS INDIVIDUALIZADAS AL TRANSPORTE ESCOLAR CURSO 25/26;CANARIAS;932464;Educación;CANARIAS;19/06/2026;2328,48;https://www.gobiernodecanarias.org/boc/2009/068/001.html
Convocatorias;ASIGNACION GRUPO POLÍTICO MUNICIPAL PP, AGOSTO 2026;ALCALÁ DEL RÍO;932527;Otras Prestaciones económicas;Sevilla;—;2200;https://gestiona-11.espublico.com/dossierh.101
Convocatorias;"RUTA DE LAS TAPAS ""POSADAS GOURMET"" 2026";POSADAS;932553;Comercio, Turismo y Pymes;Córdoba;—;2010;https://dipucordoba.es/bop
Convocatorias;Subvención nominativa de ACUVS 2026;SALLENT;932428;Cultura;Barcelona;31/12/2026;2000;https://sallent.cat/tinformem/subvencions/subvencions-directes-convenis-entitats
Convocatorias;SUBVENCIÓN NOMINATIVA FUNDACIÓ PRIVADA MARESME PRO PERSONES AMB DISMINUCIÓ PSIQUICA;DOSRIUS;932483;Sanidad;Barcelona;31/12/2026;2000;https://www.dosrius.cat
Convocatorias;Subvenció Nominativa a l`Associació de Pastors del Montnegre i el Corredor per activitats de divulgació i de gestió de l?entitat l?any 2026;SANT CELONI;932542;Agricultura, Pesca y Alimentación;Barcelona;31/12/2026;2000;http://bop.diba.cat/eli/es-ct-01082021/pre/2026/01/23/(1)
Convocatorias;SUBVENCIÓN AL FONS CATALÀ DE COOPERACIÓ PARA EL DESARROLLO POR EL PROYECTO 4251 PARA LA FINANCIACIÓN DE LA RED DE ESCUELAS GUARDIANAS DEL AMAZONA Y LA ESCUELA IXUBAY PUYANAWA.;BEGUES;932614;Educación;Regiones o países no europeos, no contemplados en NUTS;31/12/2026;2000;https://tauler.seu-e.cat/detall?idEns=802070005&idEdicte=ANU20260930102316
Convocatorias;SUBVENCIÓN AL FONS CATALÀ DE COOPERACIÓ PARA EL DESARROLLO POR EL PROYECTO 4189 QUE CONSISTE EN TRANSPORTE ESCOLAR GRATUITO PARA NIÑOS Y JÓVENES EN LAS COMUNIDADES DE BAJO LEMPA;BEGUES;932657;Educación;Regiones o países no europeos, no contemplados en NUTS;31/12/2026;2000;https://tauler.seu-e.cat/detall?idEns=802070005&idEdicte=ANU20260930113115
Convocatorias;SUBVENCIÓN A ASOCIACIÓN ALMERIA ACOGE 2026;NÍJAR;932682;Servicios Sociales y Promoción Social;Almería;—;2000;"https://app.dipalme.org/bop/publico.zul;"
Convocatorias;Subvención concedida al Ayuntamiento de Cabezón de la Sal por la celebración del Día de Cantabria;PARLAMENTO DE CANTABRIA;932537;Cultura;Cantabria;09/09/2026;1843;
Convocatorias;CONVENIO DE COLABORACIÓN RELATIVO AL MANTENIMIENTO,DURANTE 2026, DEL PROGRAMA RETROBEM-NOS DE PROMOCIÓN PARA LA AUTONOMÍA PERSONAL E INCLUSIÓN SOCIAL Y DEL SERVICIO DE TRANSPORTE ADAPTADO COMPLEMENTARIO AL MISMO, DE LA ASSOCIACIÓ DANY CEREBRAL ADQUIRIT;ALCALÀ DE XIVERT;932427;Servicios Sociales y Promoción Social;Castellón / Castelló;—;1500;https://alcaladexivert.sedelectronica.es/preview-document/dcabda16-9350-49dc-9ddf-62fdb6ae78a6
Convocatorias;Decreto 285-2026, de 29 de septiembre, de la Alcaldía del Ayuntamiento de Sellent, por el que se convocan subvenciones destinadas a la conservación y rehabilitación de fachadas de inmuebles del núcleo urbano de Sellent.;SELLENT;932457;Acceso a la vivienda y fomento de la edificación;Valencia / València;—;1500;https://sellent.sedelectronica.es/info.0
Convocatorias;CONCURSO DE DISFRACES CARNAVAL PEÑAFLOR 2026;PEÑAFLOR;932680;Cultura;Sevilla;22/02/2026;1385;https://portalag.dipusevilla.es/portal/aplicaciones/decretaapp/
Convocatorias;Aprobar una subvención nominativa a favor de Escola Joan Solans destinada a desarrollar el proyecto: Actividades culturales, de descubrimiento y de juego para todos los alumnos de la escuela 2026;GRANOLLERS;932491;Educación;Barcelona;—;1350;https://seuelectronica.granollers.cat/portal/sede/RecursosWeb/DOCUMENTOS/1/0_8977_1.pdf
Convocatorias;SDF2026TF00067 Ayuda Emergencia Social;CANARIAS;932466;Servicios Sociales y Promoción Social;CANARIAS;31/12/2026;1311;
Convocatorias;Convenio subvención Asociación de Padres de Alumnos CP Pare Pere 2026;JESÚS POBRE, ENTIDAD LOCAL MENOR;932471;Cultura;Alicante / Alacant;31/12/2026;1200;https://jesuspobre.es/
Convocatorias;CONVOCATORIA BESTRETA SUBVENCIO SECCIO CORAL ASSOCIACIO AMICS DE SANTA MARIA DE PENYAFEL ANY 2026;SANTA MARGARIDA I ELS MONJOS;932562;Cultura;Barcelona;31/12/2026;1200;https://bop.diba.cat/temp/12_022019022301.pdf
Convocatorias;"Subvención Nominativa II Certamen relato costumbrista ""CECILIA BOHL DE FABER"". Ayuntamiento de Fernán Caballero";DIPUTACIÓN PROV. DE CIUDAD REAL;932723;Otras Prestaciones económicas;Ciudad Real;23/09/2026;1200;https://dipucr.transparencialocal.gob.es/es_ES/buscar/contenido/articulo/articulo-30519-aprobacion-definitiva-de-modificacion-del-reglamento-regulador-del-plan-de-asistencia-economica-y-cooperacion-municipal
Convocatorias;DESPLAZAMIENTO A MADRID PARA ASISTIR A LA VIGILIA DE SU SANTIDAD EL PAPA LEÓN XIV. Hermandad del Santísimo Cristo de la Caridad;DIPUTACIÓN PROV. DE CIUDAD REAL;932526;Educación;Ciudad Real;30/09/2026;1150;https://dipucr.transparencialocal.gob.es/es_ES/buscar/contenido/articulo/articulo-30539-aprobacion-definitiva-de-modificacion-de-la-ordenanza-general-reguladora-de-las-bases-para-la-concesion-de-subvenciones
Convocatorias;Subvención nominativa otorgada a la Asociación Cultural, por actividades que desarrolla Asociación Cultural por el proyecto Voluntariado educativo Grana para el año 2026;GRANOLLERS;932497;Educación;Barcelona;—;1000;https://seuelectronica.granollers.cat/portal/sede/RecursosWeb/DOCUMENTOS/1/0_8977_1.pdf
Convocatorias;SUBVENCIÓN NOMINATIVA CLUB DEPORTIVO AGÜEIRA 2026;GRANDAS DE SALIME;932530;Cultura;Asturias;30/11/2026;1000;
Convocatorias;Convenio de colaboración entre el Ayuntamiento de la Sénia y ACOLAMA;SÉNIA, LA;932544;Otras actuaciones de carácter económico;Tarragona;31/12/2026;1000;https://seu-e.cat/ca/web/lasenia/govern-obert-i-transparencia/contractes-convenis-i-subvencions/convenis-i-subvencions/convenis-de-col-laboracio
Convocatorias;Subvención nominativa a la Entidad Coral Art Nou de Granollers para su proyecto Curso Coral para el año 2026.;GRANOLLERS;932546;Cultura;Barcelona;—;1000;https://seuelectronica.granollers.cat/portal/sede/RecursosWeb/DOCUMENTOS/1/0_8977_1.pdf
Convocatorias;Convenio de colaboración entre el Ayuntamiento de la Sénia y la Asociación de Caçazadores Verge de Pallerols, 2026;SÉNIA, LA;932549;Agricultura, Pesca y Alimentación;Tarragona;31/12/2026;1000;https://seu-e.cat/ca/web/lasenia/govern-obert-i-transparencia/contractes-convenis-i-subvencions/convenis-i-subvencions/convenis-de-col-laboracio
Convocatorias;Resolución R-1267/2026, de 29 de septiembre, por la que se convoca la IV edición de premios al mejor TFG, TFM y Tesis Doctoral de la Cátedra Olón de Química Sostenible.;UNIVERSIDAD DE MURCIA;932570;Educación;Murcia;09/10/2026;1000;https://sede.um.es/sede/documento/tablon/2026/09/29/resolucion-del-rector-de-la-universidad-de-murcia-por-la-que-se-publica-la-iv-edicion-de-la-convocatoria-de-los-premios/147748.pdf
Convocatorias;AYUDAS INDIVIDUALIZADAS AL TRANSPORTE ESCOLAR CURSO 25/26;CANARIAS;932465;Educación;CANARIAS;19/06/2026;892,08;https://www.gobiernodecanarias.org/boc/2009/068/001.html
Convocatorias;Convenio de colaboración entre el Ayuntamiento de la Sénia y la Asociación Bonsai la sénia, ejercicio 2026;SÉNIA, LA;932547;Cultura;Tarragona;31/12/2026;350;https://seu-e.cat/ca/web/lasenia/govern-obert-i-transparencia/contractes-convenis-i-subvencions/convenis-i-subvencions/convenis-de-col-laboracio
