Tipo;Título;Órgano;Código BDNS;Beneficiario;Instrumento;Concedida el;Importe (€);Enlace
Concesiones;Subvención directa a la Fundación para la Conservación del Quebrantahuesos en virtud del Decreto-Ley 1/2026, de 10 de junio, del Gobierno de Aragón.;DIRECCIÓN GENERAL DE MEDIO NATURAL;931918;FUNDACION PARA LA CONSERVACION;Subvención;29/09/2026;70000;https://www.boa.aragon.es/cgi-bin/EBOA/BRSCGI?CMD=VEROBJ&MLKOB=1452406650505
Concesiones;Resolución de 30 de abril de 2026, del Presidente del Servicio Público de Empleo de Castilla y León, por la que se convocan subvenciones del Programa de formación profesional específica con compromiso de contratación (FEMP) para el periodo 2026-2027.;SERVICIO PÚBLICO DE EMPLEO DE CASTILLA Y LEÓN;903053;ESLA CENTROS DE FORMACIÓN S.L.;Subvención;29/09/2026;47580;https://bocyl.jcyl.es/boletines/2023/09/06/pdf/BOCYL-D-06092023-8.pdf
Concesiones;Subvención directa a la Federación Aragonesa de Caza para la adquisición de cartuchos destinados al control poblacional del conejo de monte y a la prevención de daños agrícolas durante el año 2026;DIRECCIÓN GENERAL DE MEDIO NATURAL;926703;FEDERACION ARAGONESA CAZA;Subvención;29/09/2026;25000;https://www.boa.aragon.es/cgi-bin/EBOA/BRSCGI?CMD=VEROBJ&MLKOB=1452406650505
Concesiones;Convenio para la reintroducción del buitre negro en el Sistema Iberico Norte;CONSEJERÍA DE AGRICULTURA, GANADERÍA, MUNDO RURAL Y MEDIO AMBIENTE;929722;GRUPO REHAB.FAUNA AUTOCTONA;Subvención;29/09/2026;20000;
Concesiones;Programa ayudas a las personas jóvenes. Alquiler;CONSEJERÍA DE AGRICULTURA, GANADERÍA, MUNDO RURAL Y MEDIO AMBIENTE;655504;—;Subvención;29/09/2026;11412;https://ias1.larioja.org/boletin/Bor_Boletin_visor_Servlet?referencia=22101745-1-PDF-548641
Concesiones;ACG 7/02/2024 PROG FOMENTO RESPONSABILIDAD SOCIAL Y CONCILIACIÓN LABORAL;CONSEJERÍA ECONOMÍA, HACIENDA Y EMPLEO;751843;LAVATHORA S.L;Subvención;29/09/2026;10000;https://www.bocm.es/boletin/CM_Orden_BOCM/2024/02/09/BOCM-20240209-14.PDF
Concesiones;ACG 7/02/2024 PROG FOMENTO RESPONSABILIDAD SOCIAL Y CONCILIACIÓN LABORAL;CONSEJERÍA ECONOMÍA, HACIENDA Y EMPLEO;751843;ASOC NACIONAL DEL SECTOR DE MAQUINARIA A;Subvención;29/09/2026;10000;https://www.bocm.es/boletin/CM_Orden_BOCM/2024/02/09/BOCM-20240209-14.PDF
Concesiones;ACG 7/02/2024 PROG FOMENTO RESPONSABILIDAD SOCIAL Y CONCILIACIÓN LABORAL;CONSEJERÍA ECONOMÍA, HACIENDA Y EMPLEO;751843;MOTTEAU EN AMANDA S.L;Subvención;29/09/2026;10000;https://www.bocm.es/boletin/CM_Orden_BOCM/2024/02/09/BOCM-20240209-14.PDF
Concesiones;ACG 7/02/2024 PROG FOMENTO RESPONSABILIDAD SOCIAL Y CONCILIACIÓN LABORAL;CONSEJERÍA ECONOMÍA, HACIENDA Y EMPLEO;751843;ISTOPESCA SL;Subvención;29/09/2026;10000;https://www.bocm.es/boletin/CM_Orden_BOCM/2024/02/09/BOCM-20240209-14.PDF
Concesiones;ACG 7/02/2024 PROG FOMENTO RESPONSABILIDAD SOCIAL Y CONCILIACIÓN LABORAL;CONSEJERÍA ECONOMÍA, HACIENDA Y EMPLEO;751843;TURBO TRAFIC, S.L.;Subvención;29/09/2026;10000;https://www.bocm.es/boletin/CM_Orden_BOCM/2024/02/09/BOCM-20240209-14.PDF
Concesiones;ACG 7/02/2024 PROG FOMENTO RESPONSABILIDAD SOCIAL Y CONCILIACIÓN LABORAL;CONSEJERÍA ECONOMÍA, HACIENDA Y EMPLEO;751843;QREA PROJECT HOMES GREEN SL;Subvención;29/09/2026;10000;https://www.bocm.es/boletin/CM_Orden_BOCM/2024/02/09/BOCM-20240209-14.PDF
Concesiones;ACG 7/02/2024 PROG FOMENTO RESPONSABILIDAD SOCIAL Y CONCILIACIÓN LABORAL;CONSEJERÍA ECONOMÍA, HACIENDA Y EMPLEO;751843;SAN JORGE CENTER, S.L.;Subvención;29/09/2026;10000;https://www.bocm.es/boletin/CM_Orden_BOCM/2024/02/09/BOCM-20240209-14.PDF
Concesiones;AYUDA REACTIVACIÓN ESTABLECIMIENTOS COMERCIALES OBRAS INFRAESTRUCTURAS 2026;CONSEJERÍA ECONOMÍA, HACIENDA Y EMPLEO;912526;—;Subvención;29/09/2026;7200;https://www.bocm.es/boletin/CM_Orden_BOCM/2026/06/05/BOCM-20260605-24.PDF
Concesiones;AYUDA REACTIVACIÓN ESTABLECIMIENTOS COMERCIALES OBRAS INFRAESTRUCTURAS 2026;CONSEJERÍA ECONOMÍA, HACIENDA Y EMPLEO;912526;—;Subvención;29/09/2026;7200;https://www.bocm.es/boletin/CM_Orden_BOCM/2026/06/05/BOCM-20260605-24.PDF
Concesiones;ACG 7/02/2024 PROG FOMENTO RESPONSABILIDAD SOCIAL Y CONCILIACIÓN LABORAL;CONSEJERÍA ECONOMÍA, HACIENDA Y EMPLEO;751843;WIWO KIDS S.L.;Subvención;29/09/2026;5000;https://www.bocm.es/boletin/CM_Orden_BOCM/2024/02/09/BOCM-20240209-14.PDF
Concesiones;ACG 7/02/2024 PROG FOMENTO RESPONSABILIDAD SOCIAL Y CONCILIACIÓN LABORAL;CONSEJERÍA ECONOMÍA, HACIENDA Y EMPLEO;751843;ARBOL TECNICOS, S.L.;Subvención;29/09/2026;5000;https://www.bocm.es/boletin/CM_Orden_BOCM/2024/02/09/BOCM-20240209-14.PDF
Concesiones;ACG 7/02/2024 PROG FOMENTO RESPONSABILIDAD SOCIAL Y CONCILIACIÓN LABORAL;CONSEJERÍA ECONOMÍA, HACIENDA Y EMPLEO;751843;GLOBALFINANZAS INVESTMENT GROUP A.V. SA;Subvención;29/09/2026;5000;https://www.bocm.es/boletin/CM_Orden_BOCM/2024/02/09/BOCM-20240209-14.PDF
Concesiones;ACG 7/02/2024 PROG FOMENTO RESPONSABILIDAD SOCIAL Y CONCILIACIÓN LABORAL;CONSEJERÍA ECONOMÍA, HACIENDA Y EMPLEO;751843;BIOVEDA, S.L.;Subvención;29/09/2026;5000;https://www.bocm.es/boletin/CM_Orden_BOCM/2024/02/09/BOCM-20240209-14.PDF
Concesiones;T120-2026-1968 Convocatoria subvenciones concurrencia competitiva en los ámbitos de Cultura, Juventud y Deportes para ejercicio 2026;AYUNTAMIENTO DE PREMIÀ DE MAR;917602;CORAL L AMISTAT;Subvención;29/09/2026;4932,93;https://premiademar.cat/fitxa.php?id=37023
Concesiones;T120-2026-1968 Convocatoria subvenciones concurrencia competitiva en los ámbitos de Cultura, Juventud y Deportes para ejercicio 2026;AYUNTAMIENTO DE PREMIÀ DE MAR;917602;DE BOLIT UNIO DE COLLES DE CULTURA POPULAR EN CONS;Subvención;29/09/2026;4752,5;https://premiademar.cat/fitxa.php?id=37023
Concesiones;Convenio entre el Departamento de Presidencia, Justicia, Cultura y Deporte y los ayuntamientos integrantes del Parque cultural del Maestrazgo para la concesión de subvenciones para financiar gastos del 2026.;DIRECCIÓN GENERAL DE PATRIMONIO CULTURAL;921509;AYUNTAMIENTO DE LA CAÑADA DE VERICH;Subvención;29/09/2026;4500;https://www.boa.aragon.es/cgi-bin/EBOA/BRSCGI?CMD=VEROBJ&MLKOB=1429052850202
Concesiones;T120-2026-1968 Convocatoria subvenciones concurrencia competitiva en los ámbitos de Cultura, Juventud y Deportes para ejercicio 2026;AYUNTAMIENTO DE PREMIÀ DE MAR;917602;ASSOCIACIÓ CULTURAL CENTRE L AMISTAT;Subvención;29/09/2026;4058,45;https://premiademar.cat/fitxa.php?id=37023
Concesiones;T120-2026-1968 Convocatoria subvenciones concurrencia competitiva en los ámbitos de Cultura, Juventud y Deportes para ejercicio 2026;AYUNTAMIENTO DE PREMIÀ DE MAR;917602;PATRONAT SOCIAL PREMIANENC;Subvención;29/09/2026;3500;https://premiademar.cat/fitxa.php?id=37023
Concesiones;T120-2026-1968 Convocatoria subvenciones Juventud 2026;AYUNTAMIENTO DE PREMIÀ DE MAR;927638;PARROQUIA SANT CRISTOFOL EN PREMIA DE MAR;Subvención;29/09/2026;3315,79;https://premiademar.cat/fitxa.php?id=37023
Concesiones;T120-2026-1968 Convocatoria subvenciones Juventud 2026;AYUNTAMIENTO DE PREMIÀ DE MAR;927638;ESCOLTES CATALANS AMON-RA;Subvención;29/09/2026;3078,95;https://premiademar.cat/fitxa.php?id=37023
Concesiones;Rehabilitación residencial y vivienda social. Mejora Viviendas;CONSEJERÍA DE POLÍTICA LOCAL, INFRAESTRUCTURAS Y LUCHA CONTRA LA DESPOBLACIÓN;886638;—;Subvención;29/09/2026;3000;https://www.boe.es/buscar/doc.php?id=BOE-A-2021-16233
Concesiones;Rehabilitación residencial y vivienda social. Mejora Viviendas;CONSEJERÍA DE POLÍTICA LOCAL, INFRAESTRUCTURAS Y LUCHA CONTRA LA DESPOBLACIÓN;886638;—;Subvención;29/09/2026;3000;https://www.boe.es/buscar/doc.php?id=BOE-A-2021-16233
Concesiones;Rehabilitación residencial y vivienda social. Mejora Viviendas;CONSEJERÍA DE POLÍTICA LOCAL, INFRAESTRUCTURAS Y LUCHA CONTRA LA DESPOBLACIÓN;886638;—;Subvención;29/09/2026;3000;https://www.boe.es/buscar/doc.php?id=BOE-A-2021-16233
Concesiones;Rehabilitación residencial y vivienda social. Mejora Viviendas;CONSEJERÍA DE POLÍTICA LOCAL, INFRAESTRUCTURAS Y LUCHA CONTRA LA DESPOBLACIÓN;886638;—;Subvención;29/09/2026;3000;https://www.boe.es/buscar/doc.php?id=BOE-A-2021-16233
Concesiones;CONVOCATORIA SUBVENCIONES A ASOCIACIONES DE MUJERES Y FEDERACIONES DE ASOCIACIONES DE MUJERES PARA EL DESARROLLO DE ACCIONES QUE FOMENTEN LA IGUALDAD DE OPORTUNIDADES ENTRE MUJERES Y HOMBRES Y FACILITEN LA PARTICIPACION SOCIAL DE LAS MUJERES RURALES 2026;DIPUTACIÓN PROVINCIAL DE BADAJOZ;909187;ASOCIACION DE MUJERES PROGRESISTA;Subvención;29/09/2026;3000;http://www.dip-badajoz.es/diputacion/subvenciones/index.php
Concesiones;CONVOCATORIA SUBVENCIONES A ASOCIACIONES DE MUJERES Y FEDERACIONES DE ASOCIACIONES DE MUJERES PARA EL DESARROLLO DE ACCIONES QUE FOMENTEN LA IGUALDAD DE OPORTUNIDADES ENTRE MUJERES Y HOMBRES Y FACILITEN LA PARTICIPACION SOCIAL DE LAS MUJERES RURALES 2026;DIPUTACIÓN PROVINCIAL DE BADAJOZ;909187;ASOCIACION DE MUJERES LA MERCED;Subvención;29/09/2026;3000;http://www.dip-badajoz.es/diputacion/subvenciones/index.php
Concesiones;CONVOCATORIA SUBVENCIONES A ASOCIACIONES DE MUJERES Y FEDERACIONES DE ASOCIACIONES DE MUJERES PARA EL DESARROLLO DE ACCIONES QUE FOMENTEN LA IGUALDAD DE OPORTUNIDADES ENTRE MUJERES Y HOMBRES Y FACILITEN LA PARTICIPACION SOCIAL DE LAS MUJERES RURALES 2026;DIPUTACIÓN PROVINCIAL DE BADAJOZ;909187;ASOCIACION DE MUJERES LA NAVA DE;Subvención;29/09/2026;3000;http://www.dip-badajoz.es/diputacion/subvenciones/index.php
Concesiones;CONVOCATORIA SUBVENCIONES A ASOCIACIONES DE MUJERES Y FEDERACIONES DE ASOCIACIONES DE MUJERES PARA EL DESARROLLO DE ACCIONES QUE FOMENTEN LA IGUALDAD DE OPORTUNIDADES ENTRE MUJERES Y HOMBRES Y FACILITEN LA PARTICIPACION SOCIAL DE LAS MUJERES RURALES 2026;DIPUTACIÓN PROVINCIAL DE BADAJOZ;909187;ASOCIACION COLOMBINE, POR EL DESA;Subvención;29/09/2026;3000;http://www.dip-badajoz.es/diputacion/subvenciones/index.php
Concesiones;CONVOCATORIA SUBVENCIONES A ASOCIACIONES DE MUJERES Y FEDERACIONES DE ASOCIACIONES DE MUJERES PARA EL DESARROLLO DE ACCIONES QUE FOMENTEN LA IGUALDAD DE OPORTUNIDADES ENTRE MUJERES Y HOMBRES Y FACILITEN LA PARTICIPACION SOCIAL DE LAS MUJERES RURALES 2026;DIPUTACIÓN PROVINCIAL DE BADAJOZ;909187;ASOCIACION CONSEJO DE LA MUJER DE;Subvención;29/09/2026;3000;http://www.dip-badajoz.es/diputacion/subvenciones/index.php
Concesiones;CONVOCATORIA SUBVENCIONES A ASOCIACIONES DE MUJERES Y FEDERACIONES DE ASOCIACIONES DE MUJERES PARA EL DESARROLLO DE ACCIONES QUE FOMENTEN LA IGUALDAD DE OPORTUNIDADES ENTRE MUJERES Y HOMBRES Y FACILITEN LA PARTICIPACION SOCIAL DE LAS MUJERES RURALES 2026;DIPUTACIÓN PROVINCIAL DE BADAJOZ;909187;ASOCIACION MUJERS DE FUENTE DEL A;Subvención;29/09/2026;3000;http://www.dip-badajoz.es/diputacion/subvenciones/index.php
Concesiones;CONVOCATORIA SUBVENCIONES A ASOCIACIONES DE MUJERES Y FEDERACIONES DE ASOCIACIONES DE MUJERES PARA EL DESARROLLO DE ACCIONES QUE FOMENTEN LA IGUALDAD DE OPORTUNIDADES ENTRE MUJERES Y HOMBRES Y FACILITEN LA PARTICIPACION SOCIAL DE LAS MUJERES RURALES 2026;DIPUTACIÓN PROVINCIAL DE BADAJOZ;909187;ASOCIACION DE MUJERES DE LOS SANT;Subvención;29/09/2026;3000;http://www.dip-badajoz.es/diputacion/subvenciones/index.php
Concesiones;CONVOCATORIA SUBVENCIONES A ASOCIACIONES DE MUJERES Y FEDERACIONES DE ASOCIACIONES DE MUJERES PARA EL DESARROLLO DE ACCIONES QUE FOMENTEN LA IGUALDAD DE OPORTUNIDADES ENTRE MUJERES Y HOMBRES Y FACILITEN LA PARTICIPACION SOCIAL DE LAS MUJERES RURALES 2026;DIPUTACIÓN PROVINCIAL DE BADAJOZ;909187;PLATAFORMA ARTISTICA Y CULTURAL O;Subvención;29/09/2026;3000;http://www.dip-badajoz.es/diputacion/subvenciones/index.php
Concesiones;CONVOCATORIA SUBVENCIONES A ASOCIACIONES DE MUJERES Y FEDERACIONES DE ASOCIACIONES DE MUJERES PARA EL DESARROLLO DE ACCIONES QUE FOMENTEN LA IGUALDAD DE OPORTUNIDADES ENTRE MUJERES Y HOMBRES Y FACILITEN LA PARTICIPACION SOCIAL DE LAS MUJERES RURALES 2026;DIPUTACIÓN PROVINCIAL DE BADAJOZ;909187;ASOCIACION LIMBO CULTURA;Subvención;29/09/2026;3000;http://www.dip-badajoz.es/diputacion/subvenciones/index.php
Concesiones;CONVOCATORIA SUBVENCIONES A ASOCIACIONES DE MUJERES Y FEDERACIONES DE ASOCIACIONES DE MUJERES PARA EL DESARROLLO DE ACCIONES QUE FOMENTEN LA IGUALDAD DE OPORTUNIDADES ENTRE MUJERES Y HOMBRES Y FACILITEN LA PARTICIPACION SOCIAL DE LAS MUJERES RURALES 2026;DIPUTACIÓN PROVINCIAL DE BADAJOZ;909187;ASOCIACION LIMBO MUJERES;Subvención;29/09/2026;3000;http://www.dip-badajoz.es/diputacion/subvenciones/index.php
Concesiones;CONVOCATORIA SUBVENCIONES A ASOCIACIONES DE MUJERES Y FEDERACIONES DE ASOCIACIONES DE MUJERES PARA EL DESARROLLO DE ACCIONES QUE FOMENTEN LA IGUALDAD DE OPORTUNIDADES ENTRE MUJERES Y HOMBRES Y FACILITEN LA PARTICIPACION SOCIAL DE LAS MUJERES RURALES 2026;DIPUTACIÓN PROVINCIAL DE BADAJOZ;909187;ASOCIACION CULTURAL DE MUJERES DE;Subvención;29/09/2026;3000;http://www.dip-badajoz.es/diputacion/subvenciones/index.php
Concesiones;CONVOCATORIA SUBVENCIONES A ASOCIACIONES DE MUJERES Y FEDERACIONES DE ASOCIACIONES DE MUJERES PARA EL DESARROLLO DE ACCIONES QUE FOMENTEN LA IGUALDAD DE OPORTUNIDADES ENTRE MUJERES Y HOMBRES Y FACILITEN LA PARTICIPACION SOCIAL DE LAS MUJERES RURALES 2026;DIPUTACIÓN PROVINCIAL DE BADAJOZ;909187;ASOCIACION DE MUJERES RURALES SA;Subvención;29/09/2026;3000;http://www.dip-badajoz.es/diputacion/subvenciones/index.php
Concesiones;CONVOCATORIA SUBVENCIONES A ASOCIACIONES DE MUJERES Y FEDERACIONES DE ASOCIACIONES DE MUJERES PARA EL DESARROLLO DE ACCIONES QUE FOMENTEN LA IGUALDAD DE OPORTUNIDADES ENTRE MUJERES Y HOMBRES Y FACILITEN LA PARTICIPACION SOCIAL DE LAS MUJERES RURALES 2026;DIPUTACIÓN PROVINCIAL DE BADAJOZ;909187;ASOCIACION DE MUJERES LA ESPERANZ;Subvención;29/09/2026;3000;http://www.dip-badajoz.es/diputacion/subvenciones/index.php
Concesiones;CONVOCATORIA SUBVENCIONES A ASOCIACIONES DE MUJERES Y FEDERACIONES DE ASOCIACIONES DE MUJERES PARA EL DESARROLLO DE ACCIONES QUE FOMENTEN LA IGUALDAD DE OPORTUNIDADES ENTRE MUJERES Y HOMBRES Y FACILITEN LA PARTICIPACION SOCIAL DE LAS MUJERES RURALES 2026;DIPUTACIÓN PROVINCIAL DE BADAJOZ;909187;ASOCIACION DE MUJERES ESPARRAGOSA;Subvención;29/09/2026;3000;http://www.dip-badajoz.es/diputacion/subvenciones/index.php
Concesiones;CONVOCATORIA SUBVENCIONES A ASOCIACIONES DE MUJERES Y FEDERACIONES DE ASOCIACIONES DE MUJERES PARA EL DESARROLLO DE ACCIONES QUE FOMENTEN LA IGUALDAD DE OPORTUNIDADES ENTRE MUJERES Y HOMBRES Y FACILITEN LA PARTICIPACION SOCIAL DE LAS MUJERES RURALES 2026;DIPUTACIÓN PROVINCIAL DE BADAJOZ;909187;ASOCIACION DE MUJERES COMUNERAS P;Subvención;29/09/2026;3000;http://www.dip-badajoz.es/diputacion/subvenciones/index.php
Concesiones;CONVOCATORIA SUBVENCIONES A ASOCIACIONES DE MUJERES Y FEDERACIONES DE ASOCIACIONES DE MUJERES PARA EL DESARROLLO DE ACCIONES QUE FOMENTEN LA IGUALDAD DE OPORTUNIDADES ENTRE MUJERES Y HOMBRES Y FACILITEN LA PARTICIPACION SOCIAL DE LAS MUJERES RURALES 2026;DIPUTACIÓN PROVINCIAL DE BADAJOZ;909187;FEDERACION DE MUJERES CAMPIÑA SUR;Subvención;29/09/2026;3000;http://www.dip-badajoz.es/diputacion/subvenciones/index.php
Concesiones;CONVOCATORIA SUBVENCIONES A ASOCIACIONES DE MUJERES Y FEDERACIONES DE ASOCIACIONES DE MUJERES PARA EL DESARROLLO DE ACCIONES QUE FOMENTEN LA IGUALDAD DE OPORTUNIDADES ENTRE MUJERES Y HOMBRES Y FACILITEN LA PARTICIPACION SOCIAL DE LAS MUJERES RURALES 2026;DIPUTACIÓN PROVINCIAL DE BADAJOZ;909187;ASOCIACION DE MUJERES PROGRESISTA;Subvención;29/09/2026;3000;http://www.dip-badajoz.es/diputacion/subvenciones/index.php
Concesiones;CONVOCATORIA SUBVENCIONES A ASOCIACIONES DE MUJERES Y FEDERACIONES DE ASOCIACIONES DE MUJERES PARA EL DESARROLLO DE ACCIONES QUE FOMENTEN LA IGUALDAD DE OPORTUNIDADES ENTRE MUJERES Y HOMBRES Y FACILITEN LA PARTICIPACION SOCIAL DE LAS MUJERES RURALES 2026;DIPUTACIÓN PROVINCIAL DE BADAJOZ;909187;ASOCIACION MUJERES PROGRESISTAS;Subvención;29/09/2026;3000;http://www.dip-badajoz.es/diputacion/subvenciones/index.php
Concesiones;CONVOCATORIA SUBVENCIONES A ASOCIACIONES DE MUJERES Y FEDERACIONES DE ASOCIACIONES DE MUJERES PARA EL DESARROLLO DE ACCIONES QUE FOMENTEN LA IGUALDAD DE OPORTUNIDADES ENTRE MUJERES Y HOMBRES Y FACILITEN LA PARTICIPACION SOCIAL DE LAS MUJERES RURALES 2026;DIPUTACIÓN PROVINCIAL DE BADAJOZ;909187;ASOCIACION DE ESCLEROSIS MULTIPLE;Subvención;29/09/2026;3000;http://www.dip-badajoz.es/diputacion/subvenciones/index.php
Concesiones;CONVOCATORIA SUBVENCIONES A ASOCIACIONES DE MUJERES Y FEDERACIONES DE ASOCIACIONES DE MUJERES PARA EL DESARROLLO DE ACCIONES QUE FOMENTEN LA IGUALDAD DE OPORTUNIDADES ENTRE MUJERES Y HOMBRES Y FACILITEN LA PARTICIPACION SOCIAL DE LAS MUJERES RURALES 2026;DIPUTACIÓN PROVINCIAL DE BADAJOZ;909187;PERCUSORICA ASOC CULTURAL DE MUJ;Subvención;29/09/2026;3000;http://www.dip-badajoz.es/diputacion/subvenciones/index.php
Concesiones;CONVOCATORIA SUBVENCIONES A ASOCIACIONES DE MUJERES Y FEDERACIONES DE ASOCIACIONES DE MUJERES PARA EL DESARROLLO DE ACCIONES QUE FOMENTEN LA IGUALDAD DE OPORTUNIDADES ENTRE MUJERES Y HOMBRES Y FACILITEN LA PARTICIPACION SOCIAL DE LAS MUJERES RURALES 2026;DIPUTACIÓN PROVINCIAL DE BADAJOZ;909187;KHETANE PROMNIA FEDERACION DE ASO;Subvención;29/09/2026;3000;http://www.dip-badajoz.es/diputacion/subvenciones/index.php
Concesiones;T120-2026-1968 Convocatoria subvenciones concurrencia competitiva en los ámbitos de Cultura, Juventud y Deportes para ejercicio 2026;AYUNTAMIENTO DE PREMIÀ DE MAR;917602;ASSOCIACIÓ CULTURAL MARESME ROOTS;Subvención;29/09/2026;3000;https://premiademar.cat/fitxa.php?id=37023
Concesiones;T120-2026-1968 Convocatoria subvenciones concurrencia competitiva en los ámbitos de Cultura, Juventud y Deportes para ejercicio 2026;AYUNTAMIENTO DE PREMIÀ DE MAR;917602;PATRONAT SOCIAL PREMIANENC;Subvención;29/09/2026;3000;https://premiademar.cat/fitxa.php?id=37023
Concesiones;CONVOCATORIA SUBVENCIONES A ASOCIACIONES DE MUJERES Y FEDERACIONES DE ASOCIACIONES DE MUJERES PARA EL DESARROLLO DE ACCIONES QUE FOMENTEN LA IGUALDAD DE OPORTUNIDADES ENTRE MUJERES Y HOMBRES Y FACILITEN LA PARTICIPACION SOCIAL DE LAS MUJERES RURALES 2026;DIPUTACIÓN PROVINCIAL DE BADAJOZ;909187;ASOCIACION DE MUJERES PROGRESISTA;Subvención;29/09/2026;2886;http://www.dip-badajoz.es/diputacion/subvenciones/index.php
Concesiones;CONVOCATORIA SUBVENCIONES A ASOCIACIONES DE MUJERES Y FEDERACIONES DE ASOCIACIONES DE MUJERES PARA EL DESARROLLO DE ACCIONES QUE FOMENTEN LA IGUALDAD DE OPORTUNIDADES ENTRE MUJERES Y HOMBRES Y FACILITEN LA PARTICIPACION SOCIAL DE LAS MUJERES RURALES 2026;DIPUTACIÓN PROVINCIAL DE BADAJOZ;909187;ASOCIACION DE MUJERES PALOMEÑAS;Subvención;29/09/2026;2820;http://www.dip-badajoz.es/diputacion/subvenciones/index.php
Concesiones;CONVOCATORIA SUBVENCIONES A ASOCIACIONES DE MUJERES Y FEDERACIONES DE ASOCIACIONES DE MUJERES PARA EL DESARROLLO DE ACCIONES QUE FOMENTEN LA IGUALDAD DE OPORTUNIDADES ENTRE MUJERES Y HOMBRES Y FACILITEN LA PARTICIPACION SOCIAL DE LAS MUJERES RURALES 2026;DIPUTACIÓN PROVINCIAL DE BADAJOZ;909187;ASOCIACION DE MUJERES LA ERA;Subvención;29/09/2026;2755;http://www.dip-badajoz.es/diputacion/subvenciones/index.php
Concesiones;CONVOCATORIA SUBVENCIONES A ASOCIACIONES DE MUJERES Y FEDERACIONES DE ASOCIACIONES DE MUJERES PARA EL DESARROLLO DE ACCIONES QUE FOMENTEN LA IGUALDAD DE OPORTUNIDADES ENTRE MUJERES Y HOMBRES Y FACILITEN LA PARTICIPACION SOCIAL DE LAS MUJERES RURALES 2026;DIPUTACIÓN PROVINCIAL DE BADAJOZ;909187;ASOCIACION CONSEJO COMARCAL DE MU;Subvención;29/09/2026;2717;http://www.dip-badajoz.es/diputacion/subvenciones/index.php
Concesiones;T120-2026-1968 Convocatoria subvenciones concurrencia competitiva en los ámbitos de Cultura, Juventud y Deportes para ejercicio 2026;AYUNTAMIENTO DE PREMIÀ DE MAR;917602;ASSOCIACIO OPERA L AMISTAT;Subvención;29/09/2026;2636;https://premiademar.cat/fitxa.php?id=37023
Concesiones;T120-2026-1968 Convocatoria subvenciones Juventud 2026;AYUNTAMIENTO DE PREMIÀ DE MAR;927638;SECRETARIAT DE JOVES DE LA SALLE CATALUNYA;Subvención;29/09/2026;2605,26;https://premiademar.cat/fitxa.php?id=37023
Concesiones;ACG 7/02/2024 PROG FOMENTO RESPONSABILIDAD SOCIAL Y CONCILIACIÓN LABORAL;CONSEJERÍA ECONOMÍA, HACIENDA Y EMPLEO;751843;CARMEN 17 SDAD COOP MADRILEÑA;Subvención;29/09/2026;2500;https://www.bocm.es/boletin/CM_Orden_BOCM/2024/02/09/BOCM-20240209-14.PDF
Concesiones;ACG 7/02/2024 PROG FOMENTO RESPONSABILIDAD SOCIAL Y CONCILIACIÓN LABORAL;CONSEJERÍA ECONOMÍA, HACIENDA Y EMPLEO;751843;DREAMLIFE BIO S.L.;Subvención;29/09/2026;2500;https://www.bocm.es/boletin/CM_Orden_BOCM/2024/02/09/BOCM-20240209-14.PDF
Concesiones;ACG 7/02/2024 PROG FOMENTO RESPONSABILIDAD SOCIAL Y CONCILIACIÓN LABORAL;CONSEJERÍA ECONOMÍA, HACIENDA Y EMPLEO;751843;MASQUECOLES, S.L.;Subvención;29/09/2026;2500;https://www.bocm.es/boletin/CM_Orden_BOCM/2024/02/09/BOCM-20240209-14.PDF
Concesiones;ACG 7/02/2024 PROG FOMENTO RESPONSABILIDAD SOCIAL Y CONCILIACIÓN LABORAL;CONSEJERÍA ECONOMÍA, HACIENDA Y EMPLEO;751843;—;Subvención;29/09/2026;2500;https://www.bocm.es/boletin/CM_Orden_BOCM/2024/02/09/BOCM-20240209-14.PDF
Concesiones;ACG 7/02/2024 PROG FOMENTO RESPONSABILIDAD SOCIAL Y CONCILIACIÓN LABORAL;CONSEJERÍA ECONOMÍA, HACIENDA Y EMPLEO;751843;VERALTIA MADRID, SOCIEDAD LIMITADA;Subvención;29/09/2026;2500;https://www.bocm.es/boletin/CM_Orden_BOCM/2024/02/09/BOCM-20240209-14.PDF
Concesiones;ACG 7/02/2024 PROG FOMENTO RESPONSABILIDAD SOCIAL Y CONCILIACIÓN LABORAL;CONSEJERÍA ECONOMÍA, HACIENDA Y EMPLEO;751843;—;Subvención;29/09/2026;2500;https://www.bocm.es/boletin/CM_Orden_BOCM/2024/02/09/BOCM-20240209-14.PDF
Concesiones;CONVOCATORIA SUBVENCIONES A ASOCIACIONES DE MUJERES Y FEDERACIONES DE ASOCIACIONES DE MUJERES PARA EL DESARROLLO DE ACCIONES QUE FOMENTEN LA IGUALDAD DE OPORTUNIDADES ENTRE MUJERES Y HOMBRES Y FACILITEN LA PARTICIPACION SOCIAL DE LAS MUJERES RURALES 2026;DIPUTACIÓN PROVINCIAL DE BADAJOZ;909187;ASOCIACION DE MUJERES RURALES FIN;Subvención;29/09/2026;2400;http://www.dip-badajoz.es/diputacion/subvenciones/index.php
Concesiones;Ayudas a la afiliación de la seg. social de cónyuges de titu. de Expl Agrarias;CONSEJERÍA DE AGRICULTURA, GANADERÍA Y MEDIO AMBIENTE;315124;—;Subvención;29/09/2026;2223;http://www.larioja.org/bor/es/boletines-nuevo?tipo=2&fecha=2009/12/18&referencia=725854-1-HTML-406637-X
Concesiones;CONVOCATORIA DE AYUDAS ECONÓMICAS SOCIALES EN LA MODALIDAD DE AYUDAS DE EMERGENCIA SOCIAL PARA EL AÑO 2026.;AYUNTAMIENTO DE CÓRDOBA;873387;—;Subvención;29/09/2026;2000;https://www.cordoba.es/el-ayuntamiento/ordenanzas-bandos-y-otros/ordenanzas-y-reglamentos-municipales-no-fiscales-/subvenciones-y-patrocinios
Concesiones;CONVOCATORIA SUBVENCIONES A ASOCIACIONES DE MUJERES Y FEDERACIONES DE ASOCIACIONES DE MUJERES PARA EL DESARROLLO DE ACCIONES QUE FOMENTEN LA IGUALDAD DE OPORTUNIDADES ENTRE MUJERES Y HOMBRES Y FACILITEN LA PARTICIPACION SOCIAL DE LAS MUJERES RURALES 2026;DIPUTACIÓN PROVINCIAL DE BADAJOZ;909187;AOSCIACION CULTURAL PERSPECTIVA G;Subvención;29/09/2026;1864;http://www.dip-badajoz.es/diputacion/subvenciones/index.php
Concesiones;CONVOCATORIA DE AYUDAS ECONÓMICAS SOCIALES EN LA MODALIDAD DE AYUDAS DE EMERGENCIA SOCIAL PARA EL AÑO 2026.;AYUNTAMIENTO DE CÓRDOBA;873387;—;Subvención;29/09/2026;1844;https://www.cordoba.es/el-ayuntamiento/ordenanzas-bandos-y-otros/ordenanzas-y-reglamentos-municipales-no-fiscales-/subvenciones-y-patrocinios
Concesiones;CONVOCATORIA DE AYUDAS ECONÓMICAS SOCIALES EN LA MODALIDAD DE AYUDAS DE EMERGENCIA SOCIAL PARA EL AÑO 2026.;AYUNTAMIENTO DE CÓRDOBA;873387;—;Subvención;29/09/2026;1800,14;https://www.cordoba.es/el-ayuntamiento/ordenanzas-bandos-y-otros/ordenanzas-y-reglamentos-municipales-no-fiscales-/subvenciones-y-patrocinios
Concesiones;CONVOCATORIA DE AYUDAS ECONÓMICAS SOCIALES EN LA MODALIDAD DE AYUDAS DE EMERGENCIA SOCIAL PARA EL AÑO 2026.;AYUNTAMIENTO DE CÓRDOBA;873387;—;Subvención;29/09/2026;1790;https://www.cordoba.es/el-ayuntamiento/ordenanzas-bandos-y-otros/ordenanzas-y-reglamentos-municipales-no-fiscales-/subvenciones-y-patrocinios
Concesiones;CONVOCATORIA SUBVENCIONES A ASOCIACIONES DE MUJERES Y FEDERACIONES DE ASOCIACIONES DE MUJERES PARA EL DESARROLLO DE ACCIONES QUE FOMENTEN LA IGUALDAD DE OPORTUNIDADES ENTRE MUJERES Y HOMBRES Y FACILITEN LA PARTICIPACION SOCIAL DE LAS MUJERES RURALES 2026;DIPUTACIÓN PROVINCIAL DE BADAJOZ;909187;ASOCIACION DE MUJERES RURALES LOS;Subvención;29/09/2026;1733,68;http://www.dip-badajoz.es/diputacion/subvenciones/index.php
Concesiones;CONVOCATORIA DE AYUDAS ECONÓMICAS SOCIALES EN LA MODALIDAD DE AYUDAS DE EMERGENCIA SOCIAL PARA EL AÑO 2026.;AYUNTAMIENTO DE CÓRDOBA;873387;—;Subvención;29/09/2026;1700;https://www.cordoba.es/el-ayuntamiento/ordenanzas-bandos-y-otros/ordenanzas-y-reglamentos-municipales-no-fiscales-/subvenciones-y-patrocinios
Concesiones;Rehabilitación residencial y vivienda social. Mejora Viviendas;CONSEJERÍA DE POLÍTICA LOCAL, INFRAESTRUCTURAS Y LUCHA CONTRA LA DESPOBLACIÓN;886638;—;Subvención;29/09/2026;1675,4;https://www.boe.es/buscar/doc.php?id=BOE-A-2021-16233
Concesiones;CONVOCATORIA DE AYUDAS ECONÓMICAS SOCIALES EN LA MODALIDAD DE AYUDAS DE EMERGENCIA SOCIAL PARA EL AÑO 2026.;AYUNTAMIENTO DE CÓRDOBA;873387;—;Subvención;29/09/2026;1500;https://www.cordoba.es/el-ayuntamiento/ordenanzas-bandos-y-otros/ordenanzas-y-reglamentos-municipales-no-fiscales-/subvenciones-y-patrocinios
Concesiones;CONVOCATORIA DE AYUDAS ECONÓMICAS SOCIALES EN LA MODALIDAD DE AYUDAS DE EMERGENCIA SOCIAL PARA EL AÑO 2026.;AYUNTAMIENTO DE CÓRDOBA;873387;—;Subvención;29/09/2026;1500;https://www.cordoba.es/el-ayuntamiento/ordenanzas-bandos-y-otros/ordenanzas-y-reglamentos-municipales-no-fiscales-/subvenciones-y-patrocinios
Concesiones;Subvención Nominativa a Joaquin Alegre para su hija Noelia Alegre para promoción de su libro en ferias 2026;DIPUTACIÓN PROVINCIAL DE CIUDAD REAL;932337;—;Subvención;29/09/2026;1500;https://dipucr.transparencialocal.gob.es/es_ES/buscar/contenido/articulo/articulo-30539-aprobacion-definitiva-de-modificacion-de-la-ordenanza-general-reguladora-de-las-bases-para-la-concesion-de-subvenciones
Concesiones;CONVOCATORIA DE AYUDAS ECONÓMICAS SOCIALES EN LA MODALIDAD DE AYUDAS DE EMERGENCIA SOCIAL PARA EL AÑO 2026.;AYUNTAMIENTO DE CÓRDOBA;873387;—;Subvención;29/09/2026;1399;https://www.cordoba.es/el-ayuntamiento/ordenanzas-bandos-y-otros/ordenanzas-y-reglamentos-municipales-no-fiscales-/subvenciones-y-patrocinios
Concesiones;CONVOCATORIA DE AYUDAS ECONÓMICAS SOCIALES EN LA MODALIDAD DE AYUDAS DE EMERGENCIA SOCIAL PARA EL AÑO 2026.;AYUNTAMIENTO DE CÓRDOBA;873387;—;Subvención;29/09/2026;1349;https://www.cordoba.es/el-ayuntamiento/ordenanzas-bandos-y-otros/ordenanzas-y-reglamentos-municipales-no-fiscales-/subvenciones-y-patrocinios
Concesiones;CONVOCATORIA DE AYUDAS ECONÓMICAS SOCIALES EN LA MODALIDAD DE AYUDAS DE EMERGENCIA SOCIAL PARA EL AÑO 2026.;AYUNTAMIENTO DE CÓRDOBA;873387;—;Subvención;29/09/2026;1348,03;https://www.cordoba.es/el-ayuntamiento/ordenanzas-bandos-y-otros/ordenanzas-y-reglamentos-municipales-no-fiscales-/subvenciones-y-patrocinios
Concesiones;CONVOCATORIA DE AYUDAS ECONÓMICAS SOCIALES EN LA MODALIDAD DE AYUDAS DE EMERGENCIA SOCIAL PARA EL AÑO 2026.;AYUNTAMIENTO DE CÓRDOBA;873387;—;Subvención;29/09/2026;1200;https://www.cordoba.es/el-ayuntamiento/ordenanzas-bandos-y-otros/ordenanzas-y-reglamentos-municipales-no-fiscales-/subvenciones-y-patrocinios
Concesiones;CONVOCATORIA DE AYUDAS ECONÓMICAS SOCIALES EN LA MODALIDAD DE AYUDAS DE EMERGENCIA SOCIAL PARA EL AÑO 2026.;AYUNTAMIENTO DE CÓRDOBA;873387;—;Subvención;29/09/2026;1200;https://www.cordoba.es/el-ayuntamiento/ordenanzas-bandos-y-otros/ordenanzas-y-reglamentos-municipales-no-fiscales-/subvenciones-y-patrocinios
Concesiones;CONVOCATORIA DE AYUDAS ECONÓMICAS SOCIALES EN LA MODALIDAD DE AYUDAS DE EMERGENCIA SOCIAL PARA EL AÑO 2026.;AYUNTAMIENTO DE CÓRDOBA;873387;—;Subvención;29/09/2026;1200;https://www.cordoba.es/el-ayuntamiento/ordenanzas-bandos-y-otros/ordenanzas-y-reglamentos-municipales-no-fiscales-/subvenciones-y-patrocinios
Concesiones;CONVOCATORIA DE AYUDAS ECONÓMICAS SOCIALES EN LA MODALIDAD DE AYUDAS DE EMERGENCIA SOCIAL PARA EL AÑO 2026.;AYUNTAMIENTO DE CÓRDOBA;873387;—;Subvención;29/09/2026;1160;https://www.cordoba.es/el-ayuntamiento/ordenanzas-bandos-y-otros/ordenanzas-y-reglamentos-municipales-no-fiscales-/subvenciones-y-patrocinios
Concesiones;CONVOCATORIA DE AYUDAS ECONÓMICAS SOCIALES EN LA MODALIDAD DE AYUDAS DE EMERGENCIA SOCIAL PARA EL AÑO 2026.;AYUNTAMIENTO DE CÓRDOBA;873387;—;Subvención;29/09/2026;1125;https://www.cordoba.es/el-ayuntamiento/ordenanzas-bandos-y-otros/ordenanzas-y-reglamentos-municipales-no-fiscales-/subvenciones-y-patrocinios
Concesiones;Primera convocatoria abierta de los itinerarios formativos, de selección de participantes y ayudas del Proyecto Aquileo+, perteneciente al Programa EFESO del Fondo Social Europeo Plus (FSE+);INSTITUTO MUNICIPAL PARA LA FORMACIÓN Y EL EMPLEO;877930;—;Subvención;29/09/2026;1008,75;https://imfe.malaga.eu/transparencia/contratos-convenios-y-subvenciones/subvenciones-y-ayudas-publicas/
Concesiones;Primera convocatoria abierta de los itinerarios formativos, de selección de participantes y ayudas del Proyecto Aquileo+, perteneciente al Programa EFESO del Fondo Social Europeo Plus (FSE+);INSTITUTO MUNICIPAL PARA LA FORMACIÓN Y EL EMPLEO;877930;—;Subvención;29/09/2026;1008,75;https://imfe.malaga.eu/transparencia/contratos-convenios-y-subvenciones/subvenciones-y-ayudas-publicas/
Concesiones;Primera convocatoria abierta de los itinerarios formativos, de selección de participantes y ayudas del Proyecto Aquileo+, perteneciente al Programa EFESO del Fondo Social Europeo Plus (FSE+);INSTITUTO MUNICIPAL PARA LA FORMACIÓN Y EL EMPLEO;877930;—;Subvención;29/09/2026;1008,75;https://imfe.malaga.eu/transparencia/contratos-convenios-y-subvenciones/subvenciones-y-ayudas-publicas/
Concesiones;Primera convocatoria abierta de los itinerarios formativos, de selección de participantes y ayudas del Proyecto Aquileo+, perteneciente al Programa EFESO del Fondo Social Europeo Plus (FSE+);INSTITUTO MUNICIPAL PARA LA FORMACIÓN Y EL EMPLEO;877930;—;Subvención;29/09/2026;1008,75;https://imfe.malaga.eu/transparencia/contratos-convenios-y-subvenciones/subvenciones-y-ayudas-publicas/
Concesiones;Primera convocatoria abierta de los itinerarios formativos, de selección de participantes y ayudas del Proyecto Aquileo+, perteneciente al Programa EFESO del Fondo Social Europeo Plus (FSE+);INSTITUTO MUNICIPAL PARA LA FORMACIÓN Y EL EMPLEO;877930;—;Subvención;29/09/2026;1008,75;https://imfe.malaga.eu/transparencia/contratos-convenios-y-subvenciones/subvenciones-y-ayudas-publicas/
Concesiones;Primera convocatoria abierta de los itinerarios formativos, de selección de participantes y ayudas del Proyecto Aquileo+, perteneciente al Programa EFESO del Fondo Social Europeo Plus (FSE+);INSTITUTO MUNICIPAL PARA LA FORMACIÓN Y EL EMPLEO;877930;—;Subvención;29/09/2026;1008,75;https://imfe.malaga.eu/transparencia/contratos-convenios-y-subvenciones/subvenciones-y-ayudas-publicas/
Concesiones;Primera convocatoria abierta de los itinerarios formativos, de selección de participantes y ayudas del Proyecto Aquileo+, perteneciente al Programa EFESO del Fondo Social Europeo Plus (FSE+);INSTITUTO MUNICIPAL PARA LA FORMACIÓN Y EL EMPLEO;877930;—;Subvención;29/09/2026;1008,75;https://imfe.malaga.eu/transparencia/contratos-convenios-y-subvenciones/subvenciones-y-ayudas-publicas/
Concesiones;Primera convocatoria abierta de los itinerarios formativos, de selección de participantes y ayudas del Proyecto Aquileo+, perteneciente al Programa EFESO del Fondo Social Europeo Plus (FSE+);INSTITUTO MUNICIPAL PARA LA FORMACIÓN Y EL EMPLEO;877930;—;Subvención;29/09/2026;1008,75;https://imfe.malaga.eu/transparencia/contratos-convenios-y-subvenciones/subvenciones-y-ayudas-publicas/
Concesiones;Primera convocatoria abierta de los itinerarios formativos, de selección de participantes y ayudas del Proyecto Aquileo+, perteneciente al Programa EFESO del Fondo Social Europeo Plus (FSE+);INSTITUTO MUNICIPAL PARA LA FORMACIÓN Y EL EMPLEO;877930;—;Subvención;29/09/2026;1008,75;https://imfe.malaga.eu/transparencia/contratos-convenios-y-subvenciones/subvenciones-y-ayudas-publicas/
Concesiones;Primera convocatoria abierta de los itinerarios formativos, de selección de participantes y ayudas del Proyecto Aquileo+, perteneciente al Programa EFESO del Fondo Social Europeo Plus (FSE+);INSTITUTO MUNICIPAL PARA LA FORMACIÓN Y EL EMPLEO;877930;—;Subvención;29/09/2026;1008,75;https://imfe.malaga.eu/transparencia/contratos-convenios-y-subvenciones/subvenciones-y-ayudas-publicas/
Concesiones;CONVOCATORIA DE AYUDAS ECONÓMICAS SOCIALES EN LA MODALIDAD DE AYUDAS DE EMERGENCIA SOCIAL PARA EL AÑO 2026.;AYUNTAMIENTO DE CÓRDOBA;873387;—;Subvención;29/09/2026;1000;https://www.cordoba.es/el-ayuntamiento/ordenanzas-bandos-y-otros/ordenanzas-y-reglamentos-municipales-no-fiscales-/subvenciones-y-patrocinios
Concesiones;Primera convocatoria abierta de los itinerarios formativos, de selección de participantes y ayudas del Proyecto Aquileo+, perteneciente al Programa EFESO del Fondo Social Europeo Plus (FSE+);INSTITUTO MUNICIPAL PARA LA FORMACIÓN Y EL EMPLEO;877930;—;Subvención;29/09/2026;995,3;https://imfe.malaga.eu/transparencia/contratos-convenios-y-subvenciones/subvenciones-y-ayudas-publicas/
Concesiones;Primera convocatoria abierta de los itinerarios formativos, de selección de participantes y ayudas del Proyecto Aquileo+, perteneciente al Programa EFESO del Fondo Social Europeo Plus (FSE+);INSTITUTO MUNICIPAL PARA LA FORMACIÓN Y EL EMPLEO;877930;—;Subvención;29/09/2026;995,3;https://imfe.malaga.eu/transparencia/contratos-convenios-y-subvenciones/subvenciones-y-ayudas-publicas/
Concesiones;Primera convocatoria abierta de los itinerarios formativos, de selección de participantes y ayudas del Proyecto Aquileo+, perteneciente al Programa EFESO del Fondo Social Europeo Plus (FSE+);INSTITUTO MUNICIPAL PARA LA FORMACIÓN Y EL EMPLEO;877930;—;Subvención;29/09/2026;995,3;https://imfe.malaga.eu/transparencia/contratos-convenios-y-subvenciones/subvenciones-y-ayudas-publicas/
Concesiones;Primera convocatoria abierta de los itinerarios formativos, de selección de participantes y ayudas del Proyecto Aquileo+, perteneciente al Programa EFESO del Fondo Social Europeo Plus (FSE+);INSTITUTO MUNICIPAL PARA LA FORMACIÓN Y EL EMPLEO;877930;—;Subvención;29/09/2026;995,3;https://imfe.malaga.eu/transparencia/contratos-convenios-y-subvenciones/subvenciones-y-ayudas-publicas/
Concesiones;T120-2026-1968 Convocatoria subvenciones concurrencia competitiva en los ámbitos de Cultura, Juventud y Deportes para ejercicio 2026;AYUNTAMIENTO DE PREMIÀ DE MAR;917602;PLATAFORMA INTERCULTURAL;Subvención;29/09/2026;970;https://premiademar.cat/fitxa.php?id=37023
Concesiones;CONVOCATORIA DE AYUDAS ECONÓMICAS SOCIALES EN LA MODALIDAD DE AYUDAS DE EMERGENCIA SOCIAL PARA EL AÑO 2026.;AYUNTAMIENTO DE CÓRDOBA;873387;—;Subvención;29/09/2026;880;https://www.cordoba.es/el-ayuntamiento/ordenanzas-bandos-y-otros/ordenanzas-y-reglamentos-municipales-no-fiscales-/subvenciones-y-patrocinios
Concesiones;CONVOCATORIA DE AYUDAS ECONÓMICAS SOCIALES EN LA MODALIDAD DE AYUDAS DE EMERGENCIA SOCIAL PARA EL AÑO 2026.;AYUNTAMIENTO DE CÓRDOBA;873387;—;Subvención;29/09/2026;733;https://www.cordoba.es/el-ayuntamiento/ordenanzas-bandos-y-otros/ordenanzas-y-reglamentos-municipales-no-fiscales-/subvenciones-y-patrocinios
Concesiones;CONVOCATORIA DE AYUDAS ECONÓMICAS SOCIALES EN LA MODALIDAD DE AYUDAS DE EMERGENCIA SOCIAL PARA EL AÑO 2026.;AYUNTAMIENTO DE CÓRDOBA;873387;—;Subvención;29/09/2026;700;https://www.cordoba.es/el-ayuntamiento/ordenanzas-bandos-y-otros/ordenanzas-y-reglamentos-municipales-no-fiscales-/subvenciones-y-patrocinios
Concesiones;CONVOCATORIA DE AYUDAS ECONÓMICAS SOCIALES EN LA MODALIDAD DE AYUDAS DE EMERGENCIA SOCIAL PARA EL AÑO 2026.;AYUNTAMIENTO DE CÓRDOBA;873387;—;Subvención;29/09/2026;649;https://www.cordoba.es/el-ayuntamiento/ordenanzas-bandos-y-otros/ordenanzas-y-reglamentos-municipales-no-fiscales-/subvenciones-y-patrocinios
Concesiones;CONVOCATORIA DE AYUDAS ECONÓMICAS SOCIALES EN LA MODALIDAD DE AYUDAS DE EMERGENCIA SOCIAL PARA EL AÑO 2026.;AYUNTAMIENTO DE CÓRDOBA;873387;—;Subvención;29/09/2026;600;https://www.cordoba.es/el-ayuntamiento/ordenanzas-bandos-y-otros/ordenanzas-y-reglamentos-municipales-no-fiscales-/subvenciones-y-patrocinios
Concesiones;AYUDA POR NACIMIENTO O ADOPCION DE HIJOS 2026;AYUNTAMIENTO DE CASTELLANOS DE MORISCOS;890993;—;Subvención;29/09/2026;600;https://castellanosdemoriscos.sedelectronica.es/info.2
Concesiones;CONVOCATORIA DE AYUDAS ECONÓMICAS SOCIALES EN LA MODALIDAD DE AYUDAS DE EMERGENCIA SOCIAL PARA EL AÑO 2026.;AYUNTAMIENTO DE CÓRDOBA;873387;—;Subvención;29/09/2026;550;https://www.cordoba.es/el-ayuntamiento/ordenanzas-bandos-y-otros/ordenanzas-y-reglamentos-municipales-no-fiscales-/subvenciones-y-patrocinios
Concesiones;CONVOCATORIA DE AYUDAS ECONÓMICAS SOCIALES EN LA MODALIDAD DE AYUDAS DE EMERGENCIA SOCIAL PARA EL AÑO 2026.;AYUNTAMIENTO DE CÓRDOBA;873387;—;Subvención;29/09/2026;545;https://www.cordoba.es/el-ayuntamiento/ordenanzas-bandos-y-otros/ordenanzas-y-reglamentos-municipales-no-fiscales-/subvenciones-y-patrocinios
Concesiones;T120-2026-1968 Convocatoria subvenciones concurrencia competitiva en los ámbitos de Cultura, Juventud y Deportes para ejercicio 2026;AYUNTAMIENTO DE PREMIÀ DE MAR;917602;ASSOCIACIÓ MARESME TANGO;Subvención;29/09/2026;509,69;https://premiademar.cat/fitxa.php?id=37023
Concesiones;CONVOCATORIA DE AYUDAS ECONÓMICAS SOCIALES EN LA MODALIDAD DE AYUDAS DE EMERGENCIA SOCIAL PARA EL AÑO 2026.;AYUNTAMIENTO DE CÓRDOBA;873387;—;Subvención;29/09/2026;500;https://www.cordoba.es/el-ayuntamiento/ordenanzas-bandos-y-otros/ordenanzas-y-reglamentos-municipales-no-fiscales-/subvenciones-y-patrocinios
Concesiones;SUBVENCIONES DE GIRAS DE ARTES ESCÉNICAS;CONSEJERÍA DE CULTURA, TURISMO, DEPORTE Y JUVENTUD;882427;—;Subvención;29/09/2026;377;https://ias1.larioja.org/boletin/Bor_Boletin_visor_Servlet?referencia=33331788-1-PDF-567499
Concesiones;Subvención Nominativa al Ayuntamiento de Valdepeñas para FERCATUR 2025.;DIPUTACIÓN PROVINCIAL DE CIUDAD REAL;932325;AYUNTAMIENTO DE VALDEPEÑAS;Subvención;29/09/2026;300;
Concesiones;AYUDAS DESEMPLEADOS MAYORES DE 52 AÑOS ESPECIALIDADES;CONSEJERÍA ECONOMÍA, HACIENDA Y EMPLEO;904403;—;Subvención;29/09/2026;162;https://www.bocm.es/boletin/CM_Orden_BOCM/2026/01/02/BOCM-20260102-26.PDF
Concesiones;PCEM PARA SUMINISTROS MÍNIMOS VITALES DEL AYUNTAMIENTO DE DON BENITO PARA 2026;AYUNTAMIENTO DE DON BENITO;902414;—;Subvención;29/09/2026;89,89;
Concesiones;PCEM PARA SUMINISTROS MÍNIMOS VITALES DEL AYUNTAMIENTO DE DON BENITO PARA 2026;AYUNTAMIENTO DE DON BENITO;902414;—;Subvención;29/09/2026;84,41;
Concesiones;PCEM PARA SUMINISTROS MÍNIMOS VITALES DEL AYUNTAMIENTO DE DON BENITO PARA 2026;AYUNTAMIENTO DE DON BENITO;902414;—;Subvención;29/09/2026;26,27;
Concesiones;PCEM PARA SUMINISTROS MÍNIMOS VITALES DEL AYUNTAMIENTO DE DON BENITO PARA 2026;AYUNTAMIENTO DE DON BENITO;902414;—;Subvención;29/09/2026;25,28;
Concesiones;PCEM PARA SUMINISTROS MÍNIMOS VITALES DEL AYUNTAMIENTO DE DON BENITO PARA 2026;AYUNTAMIENTO DE DON BENITO;902414;—;Subvención;29/09/2026;19,44;
Concesiones;PCEM PARA SUMINISTROS MÍNIMOS VITALES DEL AYUNTAMIENTO DE DON BENITO PARA 2026;AYUNTAMIENTO DE DON BENITO;902414;—;Subvención;29/09/2026;15,14;
Concesiones;PCEM PARA SUMINISTROS MÍNIMOS VITALES DEL AYUNTAMIENTO DE DON BENITO PARA 2026;AYUNTAMIENTO DE DON BENITO;902414;—;Subvención;29/09/2026;10,66;
Concesiones;PCEM PARA SUMINISTROS MÍNIMOS VITALES DEL AYUNTAMIENTO DE DON BENITO PARA 2026;AYUNTAMIENTO DE DON BENITO;902414;—;Subvención;29/09/2026;4,99;
