Tipo;Título;Órgano;Tipo;Estado;Adjudicatario;Plazo hasta;Importe (€);Enlace
Adjudicaciones;Suministro de prendas de uniformidad de servicio para el personal de la Agrupación de Tráfico de la Guardia Civil (7 Lotes);Dirección General de Tráfico;suministros;Adjudicada;Climb Wear S.L., SAGRES, S.L., TEXTIL DISTRIBUIDORA S.A., TEXTIL SANTANDERINA, S.A., ALSICO IBERIA ,S.L, Agrupacion Europea de Industrias de Transformacion S.L.;;2086400;https://contrataciondelestado.es/wps/poc?uri=deeplink:detalle_licitacion&idEvl=k7mFlPUE740S7pcxhTeWOg%3D%3D
Adjudicaciones;Desarrollo, suministro e implementación de una plataforma de sistema de información al viajero y gestor de contenidos, SiIV_360º, en FGV.;Gerencia de Ferrocarrils de la Generalitat Valenciana;servicios;Resuelta;Inetum España, S.A;;1591591,66;https://contrataciondelestado.es/wps/poc?uri=deeplink:detalle_licitacion&idEvl=qiPmYdkVIbXIGlsa0Wad%2Bw%3D%3D
Adjudicaciones;AM Mantenimiento y reforma de zonas de habitabilidad en el buque JUAN CARLOS I, apoyado por el Arsenal de Cádiz (3 Lotes).;Intendente de Rota;servicios;Resuelta;KAEFER Servicios Industriales, S.A.U., CARPINTERIA NUESTRA SEÑORA DE LOURDES, S.L.;;522505;https://contrataciondelestado.es/wps/poc?uri=deeplink:detalle_licitacion&idEvl=YNduEzZZdZRQFSeKCRun4Q%3D%3D
Adjudicaciones;AM.- mantenimiento integral de los motores eléctrico en buques apoyados por el Arsenal de Cádiz.;Intendente de Rota;servicios;Resuelta;RENASUR,S.L., ELYMTEC ELECTROMECANICA, S.COOP.AND.;;350054,8;https://contrataciondelestado.es/wps/poc?uri=deeplink:detalle_licitacion&idEvl=y%2FuL7Gt6aYMZDGvgaZEVxQ%3D%3D
Adjudicaciones;AM suministro, instalación y mantenimiento de fundas, cortinas y tapizados en buques apoyados por el Arsenal de Cádiz.;Intendente de Rota;servicios;Resuelta;SANCHEZ SUR SL, INFINITAS MILLAS S.L.;;300059;https://contrataciondelestado.es/wps/poc?uri=deeplink:detalle_licitacion&idEvl=v%2BsHYaxl2XPLIx6q1oPaMg%3D%3D
Adjudicaciones;AM mantenimiento integral de los sistemas frigoríficos en buques apoyados por el Arsenal de Cádiz.;Intendente de Rota;servicios;Resuelta;Frío Clima Valentín, S.L., FRIZONIA REFRIGERACIÓN CLIMATIZACIÓN, S.L.;;300045;https://contrataciondelestado.es/wps/poc?uri=deeplink:detalle_licitacion&idEvl=O1JnqVF1KRFVYjgxA4nMUw%3D%3D
Adjudicaciones;Contratación de servicios profesionales para la realización de estudios de evolución y tendencias en determinados sectores;Fundación Estatal para la Formación en el Empleo, F.S.P.;servicios;Adjudicada;Idom Consulting, Engineering & Architecture, S.A.U., Pricewtarhousecoopers;;284115,58;https://contrataciondelestado.es/wps/poc?uri=deeplink:detalle_licitacion&idEvl=YI1O19vp0ZHzAq95uGTrDQ%3D%3D
Adjudicaciones;Suministro de productos de alimentación para el centro de almacenamiento de el Cabril;Empresa Nacional de Residuos Radiactivos, S.A., S.M.E. (ENRESA);suministros;Adjudicada;PLATAFORMAFEMAR S.L, UNIPAMEC S.L.;;279527,25;https://contrataciondelestado.es/wps/poc?uri=deeplink:detalle_licitacion&idEvl=bPDHnyyDQN5LAIVZdUs8KA%3D%3D
Adjudicaciones;Obra de instalación de suelo flotante en la Administración y URE 46/08 de Gandía (Valencia);TGSS-Dirección provincial de Valencia;obras;Resuelta;ANTILIA OBRAS Y PROYECTOS, S.L;;184900;https://contrataciondelestado.es/wps/poc?uri=deeplink:detalle_licitacion&idEvl=K794BEJ6XSdLAIVZdUs8KA%3D%3D
Adjudicaciones;Mellora do camiño de Quintas a Corneda.;Junta de Gobierno del Ayuntamiento de Touro;obras;Adjudicada;OBRAS Y VIALES DE GALICIA, S.L.;;114561,98;https://contrataciondelestado.es/wps/poc?uri=deeplink:detalle_licitacion&idEvl=5fFNeqqEDmu7JOCXkOhcDg%3D%3D
Adjudicaciones;A.M. Servicios de reparación, mantenimiento y mejoras del sistema de gestión de acceso físico, control de presencia y prevención de riesgos instalado en JEMADIZ, dependencias, seguridad naval, FLOAN y buques basados en Rota;Intendente de Rota;servicios;Resuelta;COMPUTERS Y COMUNICATIONS AEROMARINES S.A.;;100000;https://contrataciondelestado.es/wps/poc?uri=deeplink:detalle_licitacion&idEvl=uaVyYzNfc6txseVhcqrkhw%3D%3D
Adjudicaciones;Acuerdo Marco para el suministro de materiales para el mantenimiento, conservación y reparación de los vehículos apoyados por el Parque de Autos número 5 de la Base Naval de Rota. Lote 1 y Lote 2;Intendente de Rota;suministros;Resuelta;TALLERES BUENDIA;;82644,62;https://contrataciondelestado.es/wps/poc?uri=deeplink:detalle_licitacion&idEvl=xZl1eSAHGEIzjChw4z%2FXvw%3D%3D
Adjudicaciones;Obras del proyecto de instalación eléctrica en baja tensión y canalización de agua para conexión de bomba de captación de agua con el depósito en la población de Almadrones (Guadalajara).;Alcaldía del Ayuntamiento de Almadrones;obras;Adjudicada;ELECTRICIDAD JOMAN S.L.;;42855;https://contrataciondelestado.es/wps/poc?uri=deeplink:detalle_licitacion&idEvl=XOjbXs97EEV6nTs9LZ9RhQ%3D%3D
Adjudicaciones;T.A 2026 - Contrato mantenimiento servicios desbroces y talas en dependencias de tierra apoyadas por el Arsenal de Cádiz;Intendente de San Fernando;servicios;Resuelta;podasur de la bahia sl;;24793,39;https://contrataciondelestado.es/wps/poc?uri=deeplink:detalle_licitacion&idEvl=fWXrRw7CKd4Xhk1FZxEyvw%3D%3D
Adjudicaciones;EA2210- Adquisición de material logístico de cocina para la Base Aérea de Son San Juan y adscritas.;Jefatura de la Sección Económico-Administrativa 61 - Base Aérea de Son San Juan;suministros;Resuelta;Frigoríficos Mallorquines Frima SA;;16725,69;https://contrataciondelestado.es/wps/poc?uri=deeplink:detalle_licitacion&idEvl=0qEyMiy%2BaA8wYTJJ03sHog%3D%3D
Adjudicaciones;EA 1302-Contrato específico para el suministro de productos alimenticios para la Base Aérea de Pollensa y ZR de Pollensa - Categoría 3 Congelados y precocinados desde el 01 de septiembre 2026 a 30 de noviembre 2026, prorrogable hasta 31 de marzo 2027;Jefatura de la Sección Económico-Administrativa 61 - Base Aérea de Son San Juan;suministros;Resuelta;Ca Na pereta 1889;;10181,82;https://contrataciondelestado.es/wps/poc?uri=deeplink:detalle_licitacion&idEvl=leLJNkPkSOyFlFRHfEzEaw%3D%3D
Adjudicaciones;EA2210-Contrato especifico para el suministro de víveres en las reuniones de trabajo BASSJ correspondientes a la categoría 5- Productos elaborados y frescos del SDA para el Suministro de Productos Alimenticios del Ejercito de Aíre y del Espacio;Jefatura de la Sección Económico-Administrativa 61 - Base Aérea de Son San Juan;suministros;Resuelta;Ca Na pereta 1889;;1363,64;https://contrataciondelestado.es/wps/poc?uri=deeplink:detalle_licitacion&idEvl=nx3gVkicOnBq1DdmE7eaXg%3D%3D
Adjudicaciones;EA2210-Contrato especifico de suministro víveres ,en las reuniones de trabajo BASSJ correspondiente a la categoría 1 embutidos del SDA para el Suministro de Productos Alimenticios para Unidades del Ejército del Aire y Espacio.;Jefatura de la Sección Económico-Administrativa 61 - Base Aérea de Son San Juan;suministros;Resuelta;Ca Na pereta 1889;;727,27;https://contrataciondelestado.es/wps/poc?uri=deeplink:detalle_licitacion&idEvl=gAkOvZR2h5oQyBAnWzHfCg%3D%3D
Adjudicaciones;EA2210-Contrato Especifico para correspondiente a la categoría 5- Bebidas alcohólicas- para la cocina de la Base Aérea de Son San Juan;Jefatura de la Sección Económico-Administrativa 61 - Base Aérea de Son San Juan;suministros;Resuelta;COMPAÑIA HORECA DE MALLORCA, S.L.;;634,18;https://contrataciondelestado.es/wps/poc?uri=deeplink:detalle_licitacion&idEvl=SM0BK3Fwol3ECtSnloz%2BZQ%3D%3D
Adjudicaciones;EA1810-Contrato específico para el suministro de productos alimenticios para el para Escuadrón de Vigilancia Aérea N.º 7 -Categoría 5 Productos Elaborados- Bebidas alcohólicas para la cocina del EVA 7.;Jefatura de la Sección Económico-Administrativa 61 - Base Aérea de Son San Juan;suministros;Resuelta;Ca Na pereta 1889;;210,6;https://contrataciondelestado.es/wps/poc?uri=deeplink:detalle_licitacion&idEvl=sROdC%2FOnqiKopEMYCmrbmw%3D%3D
Adjudicaciones;2018AR005S AM. Mantenimiento de armeros, basadas y otros elementos estructurales en buques de la Armada apoyados por el Arsenal de Cádiz y aquellos en tránsito de otros arsenales.;Intendente de Rota;servicios;Resuelta;SANCHEZ SUR SL;;82;https://contrataciondelestado.es/wps/poc?uri=deeplink:detalle_licitacion&idEvl=VqXNDcOZsoR9Zh%2FyRJgM8w%3D%3D
Adjudicaciones;AM Mantenimiento integral de máquinas eléctricas a bordo de buques de la Armada, apoyados por el Arsenal de Cádiz y aquellos en tránsito de otros arsenales. 2 Lotes.;Intendente de Rota;servicios;Resuelta;ELYMTEC ELECTROMECANICA, S.COOP.AND., RENASUR,S.L.;;78;https://contrataciondelestado.es/wps/poc?uri=deeplink:detalle_licitacion&idEvl=BVrSxNXj7WRSYrkJkLlFdw%3D%3D
Adjudicaciones;AM Mantenimiento y reforma de estructuras en buques de la Armada, apoyados por el Arsenal de Cádiz y aquellos en tránsito de otros arsenales (2 Lotes);Intendente de Rota;servicios;Resuelta;METALUR TRES CAMINOS, S.L., SANCHEZ SUR SL;;50;https://contrataciondelestado.es/wps/poc?uri=deeplink:detalle_licitacion&idEvl=LFoDYvQMjPk7u6%2B%2FR7DUoA%3D%3D
Adjudicaciones;AM. mantenimiento de los sistemas de automatización industrial de los buques apoyados por el Arsenal Cádiz.;Intendente de Rota;servicios;Resuelta;SANCHEZ SUR SL;;25;https://contrataciondelestado.es/wps/poc?uri=deeplink:detalle_licitacion&idEvl=%2BIZnpNdXE6C5HQrHoP3G5A%3D%3D
Adjudicaciones;AM. Servicio mantenimiento y reparación equipos electrónicos del sistema meteorológico, anemómetros y sistemas de temperatura y humedad instalados en buques de Armada, apoyados por el Arsenal de Cádiz y aquellos en tránsito de otros arsenales;Intendente de Rota;servicios;Resuelta;MANTENIMIENTO DE COMUNICACIONES Y ELECTRÓNICA S.A.;;25;https://contrataciondelestado.es/wps/poc?uri=deeplink:detalle_licitacion&idEvl=QILHkolsOE47%2B9FIQYNjeQ%3D%3D
Adjudicaciones;Contrato de Servicios de Actividades Deportivas;Alcaldía del Ayuntamiento de Ribadesella;servicios;Resuelta;Sportmadness Eventos SL;;20,88;https://contrataciondelestado.es/wps/poc?uri=deeplink:detalle_licitacion&idEvl=jdt0yG%2BMU0pSYrkJkLlFdw%3D%3D
Adjudicaciones;Contrato de servicios para el mantenimiento y conservación de los sistemas de seguridad de la Base Naval de Rota (Cádiz);Intendente de Rota;servicios;Resuelta;LAM S.A. SEGURIDAD Y COMUNICACIONES;;1;https://contrataciondelestado.es/wps/poc?uri=deeplink:detalle_licitacion&idEvl=stakXN3dc%2F%2BFlFRHfEzEaw%3D%3D
Adjudicaciones;AM. Mantenimiento y reparación de consolas del sistema integrado de monitorización de equipos instalado a bordo de las fragatas clase SANTA MARÍA y JEMANDIZ;Intendente de Rota;servicios;Resuelta;COMPUTERS Y COMUNICATIONS AEROMARINES S.A.;;0;https://contrataciondelestado.es/wps/poc?uri=deeplink:detalle_licitacion&idEvl=3rablLmdfLBVq4S9zvaQpQ%3D%3D
Adjudicaciones;Servicio de gestión del franqueo de la correspondencia y paquetería y el servicio de mensajería para la Universidad Autónoma de Madrid.;Rectorado de la Universidad Autónoma de Madrid;servicios;Adjudicada;—;;;https://contrataciondelestado.es/wps/poc?uri=deeplink:detalle_licitacion&idEvl=cdbI3sjYfSjN3k3tjedSGw%3D%3D
Adjudicaciones;servicios necesarios para la organización, producción técnica y ejecución de las actuaciones y actividades incluidas en la programación de las fiestas de Liendo 2026;Alcaldía del Ayuntamiento de Liendo (Cantabria);servicios;Resuelta;—;;;https://contrataciondelestado.es/wps/poc?uri=deeplink:detalle_licitacion&idEvl=pX4%2BSjvyPaeOUi78BmzhOQ%3D%3D
Licitaciones;El objeto de la contratacion consiste en la prestacion de un servicio de vigilancia y seguridad para la proteccion de las sedesdel Cuerpo General de la Policia Canaria, en las provincias de Las Palmas y Santa Cruz de Tenerife, y oficina administrativaubicada en San Cristobal de La Laguna, dependientes de la Direccion General de Seguridad. Tramitación urgente;Consejería de Presidencia, Administraciones Públicas, Justicia y Seguridad de la Comunidad Autónoma de Canarias;servicios;En plazo;;08/10/2026;2072295,02;https://contrataciondelestado.es/wps/poc?uri=deeplink:detalle_licitacion&idEvl=DtuUH53mJ1q7JOCXkOhcDg%3D%3D
Licitaciones;Adquisición de inmueble en Avenida Reina de los Ángeles, núm. 4, de Aracena (Huelva), referencia catastral 3867601QB1936N0001QP, por procedimiento negociado y tramitación anticipada.;Pleno del Ayuntamiento de Aracena;patrimonial;En plazo;;13/10/2026;1050000;https://contrataciondelestado.es/wps/poc?uri=deeplink:detalle_licitacion&idEvl=4Q1VEiLOTZh%2FR5QFTlaM4A%3D%3D
Licitaciones;Servicios bancarios de Cuentas de Depósitos y Consignaciones Judiciales;Junta de Contratación de la Secretaría de Estado de Justicia;servicios;En plazo;;03/11/2026;498311,69;https://contrataciondelestado.es/wps/poc?uri=deeplink:detalle_licitacion&idEvl=jSuKP0wLy0lrSd8H4b2soA%3D%3D
Licitaciones;Servicio De Mantenimiento De La Red Municipal De Incubadoras Y De Las Oficinas Centrales De Promálaga;Dirección Gerencia de la Empresa Municipal de Iniciativas y Actividades Empresariales de Málaga S.A.;servicios;En plazo;;26/10/2026;197328,32;https://contrataciondelestado.es/wps/poc?uri=deeplink:detalle_licitacion&idEvl=teE9v1TfOPvzAq95uGTrDQ%3D%3D
Licitaciones;La ejecución del proyecto de sustitución del césped artificial y riego del campo de fútbol.;Alcaldia del Ayuntamiento de Salobreña;obras;En plazo;;19/10/2026;165288,4;https://contrataciondelestado.es/wps/poc?uri=deeplink:detalle_licitacion&idEvl=sIyHy21dh1lrSd8H4b2soA%3D%3D
Licitaciones;Renovación alumeado público na Parroquia de Loxo. POS+ Adicional 2/026 (1ª fase);Junta de Gobierno del Ayuntamiento de Touro;obras;En plazo;;19/10/2026;101735,91;https://contrataciondelestado.es/wps/poc?uri=deeplink:detalle_licitacion&idEvl=wV7rrBcx5R5SYrkJkLlFdw%3D%3D
Licitaciones;Pista Turces a Ribeira hacia Monte incluída no POS+ 2026 (Achega 2026);Junta de Gobierno del Ayuntamiento de Touro;obras;En plazo;;19/10/2026;97647,56;https://contrataciondelestado.es/wps/poc?uri=deeplink:detalle_licitacion&idEvl=3%2BeCD6xiHZoaF6cS8TCh%2FA%3D%3D
Licitaciones;suministro en dos lotes de motodesbrozadoras repuestos y consumibles para maquinaria ligera destinados a las actuaciones desarrolladas en el marco del encargo de prevención de grandes incendios forestales y desarrollo de la estrategia Gran Canaria Mosaico;Consejería Delegada de Gestión y Planeamiento Territorial y Medioambiental, S.A.;suministros;En plazo;;12/10/2026;93193,51;https://contrataciondelestado.es/wps/poc?uri=deeplink:detalle_licitacion&idEvl=2Wu%2FTt5qomszjChw4z%2FXvw%3D%3D
Licitaciones;un servicio consistente en el el desarrollo de un chatbot para la futura plataforma inteligente de apoyo, formacion y orientacioncontra la violencia de genero de la Viceconsejeria de Justicia y Seguridad;Viceconsejería de Justicia;servicios;En plazo;;11/10/2026;50696,26;https://contrataciondelestado.es/wps/poc?uri=deeplink:detalle_licitacion&idEvl=HwVwWi7Qwge7JOCXkOhcDg%3D%3D
Licitaciones;7-8-2-ICLM-2026 Trabajos de transporte, montaje y desmontaje de dos ejemplares de una exposición itinerante por la provincia de Albacete, conmemorativa del 50.º Aniversario de la Transición en Castilla-La Mancha.;Presidencia del Patronato de la Fundación Impulsa Castilla-La Mancha;servicios;En plazo;;08/10/2026;50519,5;https://contrataciondelestado.es/wps/poc?uri=deeplink:detalle_licitacion&idEvl=WxrnhToyPsecTfjQf3USOg%3D%3D
Licitaciones;Adquisición a título oneroso dunha parcela na contorna da Casa do Concello;Junta de Gobierno del Ayuntamiento de Touro;privado;En plazo;;13/10/2026;49966,59;https://contrataciondelestado.es/wps/poc?uri=deeplink:detalle_licitacion&idEvl=EnWA7Kd%2F2Bc7u6%2B%2FR7DUoA%3D%3D
Licitaciones;Adquisición de equipamiento y electrodomésticos Casa D. Fernando.;Alcaldía del Ayuntamiento de Torre de Juan Abad;suministros;En plazo;;13/10/2026;42966,12;https://contrataciondelestado.es/wps/poc?uri=deeplink:detalle_licitacion&idEvl=DxH9N9u4H32TylGzYmBF9Q%3D%3D
Licitaciones;Mellora do parque exterior do Punto de Atención á Infancia.;Junta de Gobierno del Ayuntamiento de Touro;obras;En plazo;;09/10/2026;40968,11;https://contrataciondelestado.es/wps/poc?uri=deeplink:detalle_licitacion&idEvl=fI80uW8PWDWkU02jNGj1Fw%3D%3D
Licitaciones;Enajenación de la parcela 53 del polígono 2, del paraje La Serratella de Sellent;Alcaldía del Ayuntamiento de Sellent;patrimonial;En plazo;;13/10/2026;14406,44;https://contrataciondelestado.es/wps/poc?uri=deeplink:detalle_licitacion&idEvl=MJRdCt1RFf2OUi78BmzhOQ%3D%3D
Otros anuncios;Suministro, mediante la modalidad de arrendamiento sin opción de compra (renting), de un vehículo todocamino (SUV) a estrenar, de color blanco y que cumpla con la normativa de emisiones Euro 6 EA, con tecnología híbrida, para el servicio de la Policía Local.;Junta de Gobierno del Ayuntamiento de Albolote;suministros;Pendiente de adjudicación;—;;;https://contrataciondelestado.es/wps/poc?uri=deeplink:detalle_licitacion&idEvl=zaRJxGZ1O4Ti0Kd8%2Brcp6w%3D%3D
Otros anuncios;Auditoría de cuentas anuales y verificación independiente de la información incluida en el estado de información no financiera incluida en el informe de gestión de los ejercicios 2026-2027-2028, así como las verificaciones de cumplimiento de proyectos financiados con fondos europeos y verificación de cuentas de resultados por actividad en dichos periodos de la EMT de Madrid;Empresa Municipal de Transportes de Madrid, S.A.;servicios;Pendiente de adjudicación;—;;;https://contrataciondelestado.es/wps/poc?uri=deeplink:detalle_licitacion&idEvl=e9NNUEZWxJTI8aL3PRS10Q%3D%3D
Otros anuncios;Obras de reparación de daños producidos en el local municipal de ensayo de la banda de música de Albolote.;Junta de Gobierno del Ayuntamiento de Albolote;obras;Pendiente de adjudicación;—;;;https://contrataciondelestado.es/wps/poc?uri=deeplink:detalle_licitacion&idEvl=Dm6qVhLDoWycCF8sV%2BqtYA%3D%3D
Otros anuncios;Obras de reparación e impermeabilización de sótano de edificio de servicios múltiples de Albolote.;Junta de Gobierno del Ayuntamiento de Albolote;obras;Pendiente de adjudicación;—;;;https://contrataciondelestado.es/wps/poc?uri=deeplink:detalle_licitacion&idEvl=uwuuHdm2V3Z9PLkba5eRog%3D%3D
Otros anuncios;Obras de reforma de dormitorios adaptados para el C.M.U. Juan Luis Vives;Rectorado de la Universidad Autónoma de Madrid;obras;Pendiente de adjudicación;—;;;https://contrataciondelestado.es/wps/poc?uri=deeplink:detalle_licitacion&idEvl=Jcb1SixjMM5J8Trn0ZPzLw%3D%3D
Otros anuncios;Ensanche e pavimentación do camiño entre o Retorno e A Senra (Santa Cruz);Junta de Gobierno Local del Ayuntamiento de Moeche;obras;Pendiente de adjudicación;—;;;https://contrataciondelestado.es/wps/poc?uri=deeplink:detalle_licitacion&idEvl=2bhwoTDyW28adbH3CysQuQ%3D%3D
Otros anuncios;Asistencia técnica para la organización y coordinación de DIEZ (10) ediciones del Mercado de Productos Locales Agroalimentarios y de Artesanía en el Hospital Centro Vivo de la Diputación de Badajoz;Presidencia de la Diputación de Badajoz;servicios;Pendiente de adjudicación;—;;;https://contrataciondelestado.es/wps/poc?uri=deeplink:detalle_licitacion&idEvl=FMOfDj4oFla5HQrHoP3G5A%3D%3D
Otros anuncios;Sistema Dinámico de Adquisición para selección de proveedores de diseño, fabricación y suministro de merchandising promocional para el Área de Desarrollo Rural, Reto Demográfico y Turismo;Presidencia de la Diputación de Badajoz;suministros;Pendiente de adjudicación;—;;;https://contrataciondelestado.es/wps/poc?uri=deeplink:detalle_licitacion&idEvl=b2Enx%2BCihhYwYTJJ03sHog%3D%3D
Otros anuncios;Creación, producción, organización y ejecución del programa Ópera Joven 2026-2027;Presidencia de la Diputación de Badajoz;servicios;Pendiente de adjudicación;—;;;https://contrataciondelestado.es/wps/poc?uri=deeplink:detalle_licitacion&idEvl=IcebocwE2c1J8Trn0ZPzLw%3D%3D
Otros anuncios;Auditor controlador 1º nivel proyecto Proyecto 0411_BIOSCOOL_E_4 Del Programa Cooperación Transfronteriza Interreg VI-A España-Portugal Poctep 2021-2027 6ª Convocatoria;Presidencia de la Diputación de Badajoz;servicios;Pendiente de adjudicación;—;;;https://contrataciondelestado.es/wps/poc?uri=deeplink:detalle_licitacion&idEvl=xcWcfyatmU%2FIGlsa0Wad%2Bw%3D%3D
Otros anuncios;Enajenación de los aprovechamientos forestales maderables incluidos en el Plan de Aprovechamientos para el año 2026;Pleno del Ayuntamiento de Valle de Villaverde;patrimonial;Pendiente de adjudicación;—;;;https://contrataciondelestado.es/wps/poc?uri=deeplink:detalle_licitacion&idEvl=AftUQIoxnq6KeVWTb9Scog%3D%3D
Otros anuncios;Servicio de montaje y desmontaje de carpas, iluminación eléctrica temporal de carpas y mobiliario (mesas y sillas) para los distintos actos públicos oficiales y festejos organizados por el Ayuntamiento de Marina de Cudeyo.;Junta de Gobierno Local del Ayuntamiento de Marina de Cudeyo;servicios;Pendiente de adjudicación;—;;;https://contrataciondelestado.es/wps/poc?uri=deeplink:detalle_licitacion&idEvl=dlmcrFhIrNxeKgd8LfVV9g%3D%3D
